{
  "metadata": {
    "origen": "INEGI - Marco Geoestadístico Nacional",
    "url": "https://gaia.inegi.org.mx/wscatgeo/v2/asentamientos/25/011",
    "fechaConsulta": "2025-11-04T00:16:02.677Z",
    "municipio": "Los Mochis",
    "estado": "Sinaloa",
    "claveGeo": "25011",
    "totalOriginal": 182,
    "totalProcesadas": 160,
    "tipos": {
      "COLONIA": 117,
      "PRIVADA": 2,
      "BARRIO": 6,
      "NINGUNO": 13,
      "FRACCIONAMIENTO": 18,
      "SECTOR": 1,
      "CONJUNTO HABITACIONAL": 1,
      "AMPLIACIÓN": 1,
      "ZONA INDUSTRIAL": 1
    }
  },
  "colonias": [
    {
      "tipo": "COLONIA",
      "nombre": "1 DE MAYO (ASENTAMIENTO IRREGULAR)",
      "codigoPostal": "81200",
      "ciudad": "Los Mochis",
      "zona": "Urbano"
    },
    {
      "tipo": "COLONIA",
      "nombre": "10 DE MAYO (ASENTAMIENTO IRREGULAR)",
      "codigoPostal": "81200",
      "ciudad": "Los Mochis",
      "zona": "Urbano"
    },
    {
      "tipo": "COLONIA",
      "nombre": "12 DE FEBRERO",
      "codigoPostal": "81200",
      "ciudad": "Los Mochis",
      "zona": "Urbano"
    },
    {
      "tipo": "COLONIA",
      "nombre": "17 DE MAYO",
      "codigoPostal": "81200",
      "ciudad": "Los Mochis",
      "zona": "Urbano"
    },
    {
      "tipo": "COLONIA",
      "nombre": "18 DE MARZO",
      "codigoPostal": "81200",
      "ciudad": "Los Mochis",
      "zona": "Urbano"
    },
    {
      "tipo": "COLONIA",
      "nombre": "2 DE OCTUBRE",
      "codigoPostal": "81200",
      "ciudad": "Los Mochis",
      "zona": "Urbano"
    },
    {
      "tipo": "COLONIA",
      "nombre": "24 DE FEBRERO",
      "codigoPostal": "81200",
      "ciudad": "Los Mochis",
      "zona": "Urbano"
    },
    {
      "tipo": "PRIVADA",
      "nombre": "360",
      "codigoPostal": "81200",
      "ciudad": "Los Mochis",
      "zona": "Urbano"
    },
    {
      "tipo": "COLONIA",
      "nombre": "4 DE JUNIO (ASENTAMIENTO IRREGULAR)",
      "codigoPostal": "81200",
      "ciudad": "Los Mochis",
      "zona": "Urbano"
    },
    {
      "tipo": "COLONIA",
      "nombre": "6 DE MAYO (ASENTAMIENTO IRREGULAR)",
      "codigoPostal": "81200",
      "ciudad": "Los Mochis",
      "zona": "Urbano"
    },
    {
      "tipo": "COLONIA",
      "nombre": "88",
      "codigoPostal": "81200",
      "ciudad": "Los Mochis",
      "zona": "Urbano"
    },
    {
      "tipo": "COLONIA",
      "nombre": "ADOLFO RUIZ CORTINES",
      "codigoPostal": "81200",
      "ciudad": "Los Mochis",
      "zona": "Urbano"
    },
    {
      "tipo": "BARRIO",
      "nombre": "AGUA POTABLE (ASENTAMIENTO IRREGULAR)",
      "codigoPostal": "81200",
      "ciudad": "Los Mochis",
      "zona": "Urbano"
    },
    {
      "tipo": "COLONIA",
      "nombre": "ÁLAMOS",
      "codigoPostal": "81200",
      "ciudad": "Los Mochis",
      "zona": "Urbano"
    },
    {
      "tipo": "COLONIA",
      "nombre": "ALBERTO LÓPEZ VARGAS",
      "codigoPostal": "81200",
      "ciudad": "Los Mochis",
      "zona": "Urbano"
    },
    {
      "tipo": "COLONIA",
      "nombre": "AMPLIACIÓN 24 DE FEBRERO",
      "codigoPostal": "81200",
      "ciudad": "Los Mochis",
      "zona": "Urbano"
    },
    {
      "tipo": "COLONIA",
      "nombre": "AMPLIACIÓN ADOLFO RUIZ CORTINES",
      "codigoPostal": "81200",
      "ciudad": "Los Mochis",
      "zona": "Urbano"
    },
    {
      "tipo": "NINGUNO",
      "nombre": "AMPLIACIÓN BATIZ",
      "codigoPostal": "81200",
      "ciudad": "Los Mochis",
      "zona": "Urbano"
    },
    {
      "tipo": "COLONIA",
      "nombre": "AMPLIACIÓN EL TAJITO",
      "codigoPostal": "81200",
      "ciudad": "Los Mochis",
      "zona": "Urbano"
    },
    {
      "tipo": "COLONIA",
      "nombre": "AMPLIACIÓN INVIES (ASENTAMIENTO IRREGULAR)",
      "codigoPostal": "81200",
      "ciudad": "Los Mochis",
      "zona": "Urbano"
    },
    {
      "tipo": "COLONIA",
      "nombre": "AMPLIACIÓN LEYVA SOLANO",
      "codigoPostal": "81200",
      "ciudad": "Los Mochis",
      "zona": "Urbano"
    },
    {
      "tipo": "NINGUNO",
      "nombre": "AMPLIACIÓN PETATLÁN (ASENTAMIENTO IRREGULAR)",
      "codigoPostal": "81200",
      "ciudad": "Los Mochis",
      "zona": "Urbano"
    },
    {
      "tipo": "FRACCIONAMIENTO",
      "nombre": "AMPLIACIÓN SANTA MARÍA",
      "codigoPostal": "81200",
      "ciudad": "Los Mochis",
      "zona": "Urbano"
    },
    {
      "tipo": "COLONIA",
      "nombre": "AMPLIACIÓN VALLE PONIENTE",
      "codigoPostal": "81200",
      "ciudad": "Los Mochis",
      "zona": "Urbano"
    },
    {
      "tipo": "COLONIA",
      "nombre": "ÁNGEL FLORES",
      "codigoPostal": "81200",
      "ciudad": "Los Mochis",
      "zona": "Urbano"
    },
    {
      "tipo": "COLONIA",
      "nombre": "ARMANDO GARCÍA",
      "codigoPostal": "81200",
      "ciudad": "Los Mochis",
      "zona": "Urbano"
    },
    {
      "tipo": "COLONIA",
      "nombre": "AYUNTAMIENTO 92",
      "codigoPostal": "81200",
      "ciudad": "Los Mochis",
      "zona": "Urbano"
    },
    {
      "tipo": "NINGUNO",
      "nombre": "BACHOCO",
      "codigoPostal": "81200",
      "ciudad": "Los Mochis",
      "zona": "Urbano"
    },
    {
      "tipo": "COLONIA",
      "nombre": "BANCARIA",
      "codigoPostal": "81200",
      "ciudad": "Los Mochis",
      "zona": "Urbano"
    },
    {
      "tipo": "NINGUNO",
      "nombre": "BATIZ",
      "codigoPostal": "81200",
      "ciudad": "Los Mochis",
      "zona": "Urbano"
    },
    {
      "tipo": "COLONIA",
      "nombre": "BENITO JUÁREZ",
      "codigoPostal": "81200",
      "ciudad": "Los Mochis",
      "zona": "Urbano"
    },
    {
      "tipo": "COLONIA",
      "nombre": "BONANZA (ASENTAMIENTO IRREGULAR)",
      "codigoPostal": "81200",
      "ciudad": "Los Mochis",
      "zona": "Urbano"
    },
    {
      "tipo": "COLONIA",
      "nombre": "BUENOS AIRES",
      "codigoPostal": "81200",
      "ciudad": "Los Mochis",
      "zona": "Urbano"
    },
    {
      "tipo": "COLONIA",
      "nombre": "BUGAMBILIAS",
      "codigoPostal": "81200",
      "ciudad": "Los Mochis",
      "zona": "Urbano"
    },
    {
      "tipo": "NINGUNO",
      "nombre": "CALLEJONES DE GUASAVITO",
      "codigoPostal": "81200",
      "ciudad": "Los Mochis",
      "zona": "Urbano"
    },
    {
      "tipo": "COLONIA",
      "nombre": "CENTRO",
      "codigoPostal": "81200",
      "ciudad": "Los Mochis",
      "zona": "Urbano"
    },
    {
      "tipo": "BARRIO",
      "nombre": "CENTRO (ASENTAMIENTO IRREGULAR)",
      "codigoPostal": "81200",
      "ciudad": "Los Mochis",
      "zona": "Urbano"
    },
    {
      "tipo": "NINGUNO",
      "nombre": "CERRO CABEZÓN",
      "codigoPostal": "81200",
      "ciudad": "Los Mochis",
      "zona": "Urbano"
    },
    {
      "tipo": "NINGUNO",
      "nombre": "CHUYONES (ASENTAMIENTO IRREGULAR)",
      "codigoPostal": "81200",
      "ciudad": "Los Mochis",
      "zona": "Urbano"
    },
    {
      "tipo": "COLONIA",
      "nombre": "CIDIR",
      "codigoPostal": "81200",
      "ciudad": "Los Mochis",
      "zona": "Urbano"
    },
    {
      "tipo": "COLONIA",
      "nombre": "COBAES (ASENTAMIENTO IRREGULAR)",
      "codigoPostal": "81200",
      "ciudad": "Los Mochis",
      "zona": "Urbano"
    },
    {
      "tipo": "COLONIA",
      "nombre": "COCARAY (ASENTAMIENTO IRREGULAR)",
      "codigoPostal": "81200",
      "ciudad": "Los Mochis",
      "zona": "Urbano"
    },
    {
      "tipo": "COLONIA",
      "nombre": "COLONIA DEL BOSQUE",
      "codigoPostal": "81200",
      "ciudad": "Los Mochis",
      "zona": "Urbano"
    },
    {
      "tipo": "COLONIA",
      "nombre": "CONSTELACIÓN",
      "codigoPostal": "81200",
      "ciudad": "Los Mochis",
      "zona": "Urbano"
    },
    {
      "tipo": "COLONIA",
      "nombre": "COREREPE",
      "codigoPostal": "81200",
      "ciudad": "Los Mochis",
      "zona": "Urbano"
    },
    {
      "tipo": "COLONIA",
      "nombre": "CTM",
      "codigoPostal": "81200",
      "ciudad": "Los Mochis",
      "zona": "Urbano"
    },
    {
      "tipo": "COLONIA",
      "nombre": "CUBILETE (ASENTAMIENTO IRREGULAR)",
      "codigoPostal": "81200",
      "ciudad": "Los Mochis",
      "zona": "Urbano"
    },
    {
      "tipo": "FRACCIONAMIENTO",
      "nombre": "DELICIAS",
      "codigoPostal": "81200",
      "ciudad": "Los Mochis",
      "zona": "Urbano"
    },
    {
      "tipo": "COLONIA",
      "nombre": "DELICIAS (ASENTAMIENTO IRREGULAR)",
      "codigoPostal": "81200",
      "ciudad": "Los Mochis",
      "zona": "Urbano"
    },
    {
      "tipo": "COLONIA",
      "nombre": "DIF",
      "codigoPostal": "81200",
      "ciudad": "Los Mochis",
      "zona": "Urbano"
    },
    {
      "tipo": "COLONIA",
      "nombre": "EDUARDO LABASTIDA",
      "codigoPostal": "81200",
      "ciudad": "Los Mochis",
      "zona": "Urbano"
    },
    {
      "tipo": "COLONIA",
      "nombre": "EJIDAL",
      "codigoPostal": "81200",
      "ciudad": "Los Mochis",
      "zona": "Urbano"
    },
    {
      "tipo": "COLONIA",
      "nombre": "EJIDAL (ASENTAMIENTO IRREGULAR)",
      "codigoPostal": "81200",
      "ciudad": "Los Mochis",
      "zona": "Urbano"
    },
    {
      "tipo": "COLONIA",
      "nombre": "EJIDO RANCHO CALIFORNIA",
      "codigoPostal": "81200",
      "ciudad": "Los Mochis",
      "zona": "Urbano"
    },
    {
      "tipo": "COLONIA",
      "nombre": "EL BURRIÓN (ASENTAMIENTO IRREGULAR)",
      "codigoPostal": "81200",
      "ciudad": "Los Mochis",
      "zona": "Urbano"
    },
    {
      "tipo": "COLONIA",
      "nombre": "EL CHALECO",
      "codigoPostal": "81200",
      "ciudad": "Los Mochis",
      "zona": "Urbano"
    },
    {
      "tipo": "COLONIA",
      "nombre": "EL CHOYAL (ASENTAMIENTO IRREGULAR)",
      "codigoPostal": "81200",
      "ciudad": "Los Mochis",
      "zona": "Urbano"
    },
    {
      "tipo": "FRACCIONAMIENTO",
      "nombre": "EL EMPAQUE (ASENTAMIENTO IRREGULAR)",
      "codigoPostal": "81200",
      "ciudad": "Los Mochis",
      "zona": "Urbano"
    },
    {
      "tipo": "COLONIA",
      "nombre": "EL GALLO",
      "codigoPostal": "81200",
      "ciudad": "Los Mochis",
      "zona": "Urbano"
    },
    {
      "tipo": "COLONIA",
      "nombre": "EL GALLO DE LIMONES",
      "codigoPostal": "81200",
      "ciudad": "Los Mochis",
      "zona": "Urbano"
    },
    {
      "tipo": "COLONIA",
      "nombre": "EL MIRADOR",
      "codigoPostal": "81200",
      "ciudad": "Los Mochis",
      "zona": "Urbano"
    },
    {
      "tipo": "SECTOR",
      "nombre": "EL RASTRO",
      "codigoPostal": "81200",
      "ciudad": "Los Mochis",
      "zona": "Urbano"
    },
    {
      "tipo": "COLONIA",
      "nombre": "EL TAJITO",
      "codigoPostal": "81200",
      "ciudad": "Los Mochis",
      "zona": "Urbano"
    },
    {
      "tipo": "COLONIA",
      "nombre": "ELECTRICISTAS",
      "codigoPostal": "81200",
      "ciudad": "Los Mochis",
      "zona": "Urbano"
    },
    {
      "tipo": "CONJUNTO HABITACIONAL",
      "nombre": "EMPRESA BON (ASENTAMIENTO IRREGULAR)",
      "codigoPostal": "81200",
      "ciudad": "Los Mochis",
      "zona": "Urbano"
    },
    {
      "tipo": "COLONIA",
      "nombre": "ERMITA",
      "codigoPostal": "81200",
      "ciudad": "Los Mochis",
      "zona": "Urbano"
    },
    {
      "tipo": "FRACCIONAMIENTO",
      "nombre": "FLAMINGOS",
      "codigoPostal": "81200",
      "ciudad": "Los Mochis",
      "zona": "Urbano"
    },
    {
      "tipo": "FRACCIONAMIENTO",
      "nombre": "FLORESTA",
      "codigoPostal": "81200",
      "ciudad": "Los Mochis",
      "zona": "Urbano"
    },
    {
      "tipo": "COLONIA",
      "nombre": "FRANCISCO LEY (ASENTAMIENTO IRREGULAR)",
      "codigoPostal": "81200",
      "ciudad": "Los Mochis",
      "zona": "Urbano"
    },
    {
      "tipo": "COLONIA",
      "nombre": "FRESNO",
      "codigoPostal": "81200",
      "ciudad": "Los Mochis",
      "zona": "Urbano"
    },
    {
      "tipo": "FRACCIONAMIENTO",
      "nombre": "FUNDADORES",
      "codigoPostal": "81200",
      "ciudad": "Los Mochis",
      "zona": "Urbano"
    },
    {
      "tipo": "COLONIA",
      "nombre": "GABRIEL LEYVA SOLANO",
      "codigoPostal": "81200",
      "ciudad": "Los Mochis",
      "zona": "Urbano"
    },
    {
      "tipo": "FRACCIONAMIENTO",
      "nombre": "GRAN FUNDADORES",
      "codigoPostal": "81200",
      "ciudad": "Los Mochis",
      "zona": "Urbano"
    },
    {
      "tipo": "AMPLIACIÓN",
      "nombre": "GUASAVE 2000",
      "codigoPostal": "81200",
      "ciudad": "Los Mochis",
      "zona": "Urbano"
    },
    {
      "tipo": "FRACCIONAMIENTO",
      "nombre": "GUASAVE 94",
      "codigoPostal": "81200",
      "ciudad": "Los Mochis",
      "zona": "Urbano"
    },
    {
      "tipo": "NINGUNO",
      "nombre": "HACIENDA DE LA AMISTAD",
      "codigoPostal": "81200",
      "ciudad": "Los Mochis",
      "zona": "Urbano"
    },
    {
      "tipo": "COLONIA",
      "nombre": "HÉCTOR ASTORGA",
      "codigoPostal": "81200",
      "ciudad": "Los Mochis",
      "zona": "Urbano"
    },
    {
      "tipo": "FRACCIONAMIENTO",
      "nombre": "HERNANDO DE VILLAFAÑE",
      "codigoPostal": "81200",
      "ciudad": "Los Mochis",
      "zona": "Urbano"
    },
    {
      "tipo": "COLONIA",
      "nombre": "INDEPENDENCIA",
      "codigoPostal": "81200",
      "ciudad": "Los Mochis",
      "zona": "Urbano"
    },
    {
      "tipo": "COLONIA",
      "nombre": "JARDINES DEL SOL",
      "codigoPostal": "81200",
      "ciudad": "Los Mochis",
      "zona": "Urbano"
    },
    {
      "tipo": "COLONIA",
      "nombre": "JARDINES DEL VALLE",
      "codigoPostal": "81200",
      "ciudad": "Los Mochis",
      "zona": "Urbano"
    },
    {
      "tipo": "COLONIA",
      "nombre": "JOSEFA ORTIZ DE DOMÍNGUEZ",
      "codigoPostal": "81200",
      "ciudad": "Los Mochis",
      "zona": "Urbano"
    },
    {
      "tipo": "NINGUNO",
      "nombre": "JUAN JOSÉ RÍOS",
      "codigoPostal": "81200",
      "ciudad": "Los Mochis",
      "zona": "Urbano"
    },
    {
      "tipo": "COLONIA",
      "nombre": "JUAN S. MILLÁN",
      "codigoPostal": "81200",
      "ciudad": "Los Mochis",
      "zona": "Urbano"
    },
    {
      "tipo": "COLONIA",
      "nombre": "JUAN S. MILLÁN (ASENTAMIENTO IRREGULAR)",
      "codigoPostal": "81200",
      "ciudad": "Los Mochis",
      "zona": "Urbano"
    },
    {
      "tipo": "NINGUNO",
      "nombre": "LA ESTRELLA",
      "codigoPostal": "81200",
      "ciudad": "Los Mochis",
      "zona": "Urbano"
    },
    {
      "tipo": "COLONIA",
      "nombre": "LA FLORIDA",
      "codigoPostal": "81200",
      "ciudad": "Los Mochis",
      "zona": "Urbano"
    },
    {
      "tipo": "COLONIA",
      "nombre": "LA MÁQUINA (ASENTAMIENTO IRREGULAR)",
      "codigoPostal": "81200",
      "ciudad": "Los Mochis",
      "zona": "Urbano"
    },
    {
      "tipo": "COLONIA",
      "nombre": "LA PIEDRERA",
      "codigoPostal": "81200",
      "ciudad": "Los Mochis",
      "zona": "Urbano"
    },
    {
      "tipo": "BARRIO",
      "nombre": "LA PLAZA (ASENTAMIENTO IRREGULAR)",
      "codigoPostal": "81200",
      "ciudad": "Los Mochis",
      "zona": "Urbano"
    },
    {
      "tipo": "COLONIA",
      "nombre": "LA RANA (ASENTAMIENTO IRREGULAR)",
      "codigoPostal": "81200",
      "ciudad": "Los Mochis",
      "zona": "Urbano"
    },
    {
      "tipo": "NINGUNO",
      "nombre": "LA TRINIDAD",
      "codigoPostal": "81200",
      "ciudad": "Los Mochis",
      "zona": "Urbano"
    },
    {
      "tipo": "BARRIO",
      "nombre": "LAS BOMBAS (ASENTAMIENTO IRREGULAR)",
      "codigoPostal": "81200",
      "ciudad": "Los Mochis",
      "zona": "Urbano"
    },
    {
      "tipo": "COLONIA",
      "nombre": "LAS CASITAS (ASENTAMIENTO IRREGULAR)",
      "codigoPostal": "81200",
      "ciudad": "Los Mochis",
      "zona": "Urbano"
    },
    {
      "tipo": "FRACCIONAMIENTO",
      "nombre": "LAS GARZAS",
      "codigoPostal": "81200",
      "ciudad": "Los Mochis",
      "zona": "Urbano"
    },
    {
      "tipo": "COLONIA",
      "nombre": "LAS GOLONDRINAS (ASENTAMIENTO IRREGULAR)",
      "codigoPostal": "81200",
      "ciudad": "Los Mochis",
      "zona": "Urbano"
    },
    {
      "tipo": "COLONIA",
      "nombre": "LAS HUERTAS",
      "codigoPostal": "81200",
      "ciudad": "Los Mochis",
      "zona": "Urbano"
    },
    {
      "tipo": "COLONIA",
      "nombre": "LAS MALVINAS (ASENTAMIENTO IRREGULAR)",
      "codigoPostal": "81200",
      "ciudad": "Los Mochis",
      "zona": "Urbano"
    },
    {
      "tipo": "COLONIA",
      "nombre": "LAS PALMAS",
      "codigoPostal": "81200",
      "ciudad": "Los Mochis",
      "zona": "Urbano"
    },
    {
      "tipo": "COLONIA",
      "nombre": "LÁZARO CÁRDENAS",
      "codigoPostal": "81200",
      "ciudad": "Los Mochis",
      "zona": "Urbano"
    },
    {
      "tipo": "COLONIA",
      "nombre": "LEÓN FONSECA (ASENTAMIENTO IRREGULAR)",
      "codigoPostal": "81200",
      "ciudad": "Los Mochis",
      "zona": "Urbano"
    },
    {
      "tipo": "COLONIA",
      "nombre": "LOMAS DEL MAR",
      "codigoPostal": "81200",
      "ciudad": "Los Mochis",
      "zona": "Urbano"
    },
    {
      "tipo": "FRACCIONAMIENTO",
      "nombre": "LOS ÁNGELES",
      "codigoPostal": "81200",
      "ciudad": "Los Mochis",
      "zona": "Urbano"
    },
    {
      "tipo": "COLONIA",
      "nombre": "LOS BULIS (ASENTAMIENTO IRREGULAR)",
      "codigoPostal": "81200",
      "ciudad": "Los Mochis",
      "zona": "Urbano"
    },
    {
      "tipo": "COLONIA",
      "nombre": "LOS GIRASOLES (ASENTAMIENTO IRREGULAR)",
      "codigoPostal": "81200",
      "ciudad": "Los Mochis",
      "zona": "Urbano"
    },
    {
      "tipo": "COLONIA",
      "nombre": "LOS SAUCES",
      "codigoPostal": "81200",
      "ciudad": "Los Mochis",
      "zona": "Urbano"
    },
    {
      "tipo": "COLONIA",
      "nombre": "LUIS DONALDO COLOSIO",
      "codigoPostal": "81200",
      "ciudad": "Los Mochis",
      "zona": "Urbano"
    },
    {
      "tipo": "COLONIA",
      "nombre": "MAGISTERIAL",
      "codigoPostal": "81200",
      "ciudad": "Los Mochis",
      "zona": "Urbano"
    },
    {
      "tipo": "COLONIA",
      "nombre": "MAKARENKO",
      "codigoPostal": "81200",
      "ciudad": "Los Mochis",
      "zona": "Urbano"
    },
    {
      "tipo": "FRACCIONAMIENTO",
      "nombre": "MARGARITAS",
      "codigoPostal": "81200",
      "ciudad": "Los Mochis",
      "zona": "Urbano"
    },
    {
      "tipo": "COLONIA",
      "nombre": "MÉXICO",
      "codigoPostal": "81200",
      "ciudad": "Los Mochis",
      "zona": "Urbano"
    },
    {
      "tipo": "COLONIA",
      "nombre": "MIGUEL LEYSON PÉREZ",
      "codigoPostal": "81200",
      "ciudad": "Los Mochis",
      "zona": "Urbano"
    },
    {
      "tipo": "FRACCIONAMIENTO",
      "nombre": "MIRAVALLE",
      "codigoPostal": "81200",
      "ciudad": "Los Mochis",
      "zona": "Urbano"
    },
    {
      "tipo": "COLONIA",
      "nombre": "MOLINO DE DON BOSCO",
      "codigoPostal": "81200",
      "ciudad": "Los Mochis",
      "zona": "Urbano"
    },
    {
      "tipo": "NINGUNO",
      "nombre": "NINGUNO",
      "codigoPostal": "81200",
      "ciudad": "Los Mochis",
      "zona": "Urbano"
    },
    {
      "tipo": "COLONIA",
      "nombre": "NINGUNO (ASENTAMIENTO IRREGULAR)",
      "codigoPostal": "81200",
      "ciudad": "Los Mochis",
      "zona": "Urbano"
    },
    {
      "tipo": "NINGUNO",
      "nombre": "NIO",
      "codigoPostal": "81200",
      "ciudad": "Los Mochis",
      "zona": "Urbano"
    },
    {
      "tipo": "COLONIA",
      "nombre": "NUEVO BATAMOTE",
      "codigoPostal": "81200",
      "ciudad": "Los Mochis",
      "zona": "Urbano"
    },
    {
      "tipo": "COLONIA",
      "nombre": "NUEVO GUASAVE",
      "codigoPostal": "81200",
      "ciudad": "Los Mochis",
      "zona": "Urbano"
    },
    {
      "tipo": "COLONIA",
      "nombre": "OCORO",
      "codigoPostal": "81200",
      "ciudad": "Los Mochis",
      "zona": "Urbano"
    },
    {
      "tipo": "COLONIA",
      "nombre": "PANTEÓN (ASENTAMIENTO IRREGULAR)",
      "codigoPostal": "81200",
      "ciudad": "Los Mochis",
      "zona": "Urbano"
    },
    {
      "tipo": "COLONIA",
      "nombre": "PETATLÁN",
      "codigoPostal": "81200",
      "ciudad": "Los Mochis",
      "zona": "Urbano"
    },
    {
      "tipo": "COLONIA",
      "nombre": "PLANETARIA (ASENTAMIENTO IRREGULAR)",
      "codigoPostal": "81200",
      "ciudad": "Los Mochis",
      "zona": "Urbano"
    },
    {
      "tipo": "PRIVADA",
      "nombre": "POPULAR",
      "codigoPostal": "81200",
      "ciudad": "Los Mochis",
      "zona": "Urbano"
    },
    {
      "tipo": "COLONIA",
      "nombre": "POPULAR (ASENTAMIENTO IRREGULAR)",
      "codigoPostal": "81200",
      "ciudad": "Los Mochis",
      "zona": "Urbano"
    },
    {
      "tipo": "COLONIA",
      "nombre": "RENATO VEGA AMADOR",
      "codigoPostal": "81200",
      "ciudad": "Los Mochis",
      "zona": "Urbano"
    },
    {
      "tipo": "COLONIA",
      "nombre": "REVOLUCIÓN MEXICANA",
      "codigoPostal": "81200",
      "ciudad": "Los Mochis",
      "zona": "Urbano"
    },
    {
      "tipo": "BARRIO",
      "nombre": "RÍO PETATLÁN (ASENTAMIENTO IRREGULAR)",
      "codigoPostal": "81200",
      "ciudad": "Los Mochis",
      "zona": "Urbano"
    },
    {
      "tipo": "COLONIA",
      "nombre": "RUIZ CORTINES DOS",
      "codigoPostal": "81200",
      "ciudad": "Los Mochis",
      "zona": "Urbano"
    },
    {
      "tipo": "COLONIA",
      "nombre": "SAN CARLOS",
      "codigoPostal": "81200",
      "ciudad": "Los Mochis",
      "zona": "Urbano"
    },
    {
      "tipo": "COLONIA",
      "nombre": "SAN FERNANDO",
      "codigoPostal": "81200",
      "ciudad": "Los Mochis",
      "zona": "Urbano"
    },
    {
      "tipo": "COLONIA",
      "nombre": "SAN FRANCISCO",
      "codigoPostal": "81200",
      "ciudad": "Los Mochis",
      "zona": "Urbano"
    },
    {
      "tipo": "COLONIA",
      "nombre": "SAN JOACHÍN",
      "codigoPostal": "81200",
      "ciudad": "Los Mochis",
      "zona": "Urbano"
    },
    {
      "tipo": "COLONIA",
      "nombre": "SAN JOSÉ",
      "codigoPostal": "81200",
      "ciudad": "Los Mochis",
      "zona": "Urbano"
    },
    {
      "tipo": "COLONIA",
      "nombre": "SAN JUAN",
      "codigoPostal": "81200",
      "ciudad": "Los Mochis",
      "zona": "Urbano"
    },
    {
      "tipo": "COLONIA",
      "nombre": "SAN RAFAEL (ASENTAMIENTO IRREGULAR)",
      "codigoPostal": "81200",
      "ciudad": "Los Mochis",
      "zona": "Urbano"
    },
    {
      "tipo": "COLONIA",
      "nombre": "SANTA CLARA",
      "codigoPostal": "81200",
      "ciudad": "Los Mochis",
      "zona": "Urbano"
    },
    {
      "tipo": "FRACCIONAMIENTO",
      "nombre": "SANTA FE",
      "codigoPostal": "81200",
      "ciudad": "Los Mochis",
      "zona": "Urbano"
    },
    {
      "tipo": "FRACCIONAMIENTO",
      "nombre": "SANTA MARÍA",
      "codigoPostal": "81200",
      "ciudad": "Los Mochis",
      "zona": "Urbano"
    },
    {
      "tipo": "COLONIA",
      "nombre": "SANTA MERCEDES",
      "codigoPostal": "81200",
      "ciudad": "Los Mochis",
      "zona": "Urbano"
    },
    {
      "tipo": "COLONIA",
      "nombre": "SECTOR LA CRUZ",
      "codigoPostal": "81200",
      "ciudad": "Los Mochis",
      "zona": "Urbano"
    },
    {
      "tipo": "BARRIO",
      "nombre": "SEGURO (ASENTAMIENTO IRREGULAR)",
      "codigoPostal": "81200",
      "ciudad": "Los Mochis",
      "zona": "Urbano"
    },
    {
      "tipo": "COLONIA",
      "nombre": "SINALOA",
      "codigoPostal": "81200",
      "ciudad": "Los Mochis",
      "zona": "Urbano"
    },
    {
      "tipo": "COLONIA",
      "nombre": "STASE",
      "codigoPostal": "81200",
      "ciudad": "Los Mochis",
      "zona": "Urbano"
    },
    {
      "tipo": "COLONIA",
      "nombre": "TAJÍN",
      "codigoPostal": "81200",
      "ciudad": "Los Mochis",
      "zona": "Urbano"
    },
    {
      "tipo": "COLONIA",
      "nombre": "TAVO ROBLES",
      "codigoPostal": "81200",
      "ciudad": "Los Mochis",
      "zona": "Urbano"
    },
    {
      "tipo": "COLONIA",
      "nombre": "TECOMATE",
      "codigoPostal": "81200",
      "ciudad": "Los Mochis",
      "zona": "Urbano"
    },
    {
      "tipo": "FRACCIONAMIENTO",
      "nombre": "TERRANOVA",
      "codigoPostal": "81200",
      "ciudad": "Los Mochis",
      "zona": "Urbano"
    },
    {
      "tipo": "COLONIA",
      "nombre": "TIERRA Y LIBERTAD",
      "codigoPostal": "81200",
      "ciudad": "Los Mochis",
      "zona": "Urbano"
    },
    {
      "tipo": "COLONIA",
      "nombre": "TIERRA Y LIBERTAD (ASENTAMIENTO IRREGULAR)",
      "codigoPostal": "81200",
      "ciudad": "Los Mochis",
      "zona": "Urbano"
    },
    {
      "tipo": "COLONIA",
      "nombre": "TOLEDO CORRO",
      "codigoPostal": "81200",
      "ciudad": "Los Mochis",
      "zona": "Urbano"
    },
    {
      "tipo": "COLONIA",
      "nombre": "UNE",
      "codigoPostal": "81200",
      "ciudad": "Los Mochis",
      "zona": "Urbano"
    },
    {
      "tipo": "COLONIA",
      "nombre": "UNIÓN DE COLONOS",
      "codigoPostal": "81200",
      "ciudad": "Los Mochis",
      "zona": "Urbano"
    },
    {
      "tipo": "COLONIA",
      "nombre": "UNIVERSITARIA",
      "codigoPostal": "81200",
      "ciudad": "Los Mochis",
      "zona": "Urbano"
    },
    {
      "tipo": "COLONIA",
      "nombre": "VALLE BONITO",
      "codigoPostal": "81200",
      "ciudad": "Los Mochis",
      "zona": "Urbano"
    },
    {
      "tipo": "COLONIA",
      "nombre": "VALLE CAMPESTRE",
      "codigoPostal": "81200",
      "ciudad": "Los Mochis",
      "zona": "Urbano"
    },
    {
      "tipo": "FRACCIONAMIENTO",
      "nombre": "VALLE DEL SOL",
      "codigoPostal": "81200",
      "ciudad": "Los Mochis",
      "zona": "Urbano"
    },
    {
      "tipo": "COLONIA",
      "nombre": "VALLE PONIENTE",
      "codigoPostal": "81200",
      "ciudad": "Los Mochis",
      "zona": "Urbano"
    },
    {
      "tipo": "FRACCIONAMIENTO",
      "nombre": "VILLA UNIVERSIDAD",
      "codigoPostal": "81200",
      "ciudad": "Los Mochis",
      "zona": "Urbano"
    },
    {
      "tipo": "ZONA INDUSTRIAL",
      "nombre": "ZONA INDUSTRIAL",
      "codigoPostal": "81200",
      "ciudad": "Los Mochis",
      "zona": "Urbano"
    }
  ]
}