{
  "metadata": {
    "origen": "INEGI + SEPOMEX (Fusionado)",
    "municipio": "Los Mochis (Ahome)",
    "estado": "Sinaloa",
    "codigoGeoestadistico": "25/011",
    "fecha": "2025-11-04",
    "totalColonias": 376,
    "fuentes": {
      "INEGI": {
        "colonias": 160,
        "descripcion": "Marco Geoestadístico Nacional (oficial)"
      },
      "SEPOMEX": {
        "colonias": 216,
        "descripcion": "Servicio Postal Mexicano (oficial)"
      }
    },
    "nota": "Base de datos completa fusionando INEGI y SEPOMEX para máxima cobertura",
    "tipos": {
      "COLONIA": 333,
      "PRIVADA": 2,
      "BARRIO": 6,
      "NINGUNO": 13,
      "FRACCIONAMIENTO": 18,
      "SECTOR": 1,
      "CONJUNTO HABITACIONAL": 1,
      "AMPLIACIÓN": 1,
      "ZONA INDUSTRIAL": 1
    }
  },
  "colonias": [
    {
      "tipo": "COLONIA",
      "nombre": "1 DE MAYO (ASENTAMIENTO IRREGULAR)",
      "codigoPostal": "81200",
      "ciudad": "Los Mochis",
      "zona": "Urbano"
    },
    {
      "tipo": "COLONIA",
      "nombre": "10 de Mayo",
      "codigoPostal": "81200",
      "ciudad": "Los Mochis",
      "zona": "Urbano",
      "fuente": "SEPOMEX"
    },
    {
      "tipo": "COLONIA",
      "nombre": "10 DE MAYO (ASENTAMIENTO IRREGULAR)",
      "codigoPostal": "81200",
      "ciudad": "Los Mochis",
      "zona": "Urbano"
    },
    {
      "tipo": "COLONIA",
      "nombre": "12 DE FEBRERO",
      "codigoPostal": "81200",
      "ciudad": "Los Mochis",
      "zona": "Urbano"
    },
    {
      "tipo": "COLONIA",
      "nombre": "17 DE MAYO",
      "codigoPostal": "81200",
      "ciudad": "Los Mochis",
      "zona": "Urbano"
    },
    {
      "tipo": "COLONIA",
      "nombre": "18 DE MARZO",
      "codigoPostal": "81200",
      "ciudad": "Los Mochis",
      "zona": "Urbano"
    },
    {
      "tipo": "COLONIA",
      "nombre": "2 DE OCTUBRE",
      "codigoPostal": "81200",
      "ciudad": "Los Mochis",
      "zona": "Urbano"
    },
    {
      "tipo": "COLONIA",
      "nombre": "24 DE FEBRERO",
      "codigoPostal": "81200",
      "ciudad": "Los Mochis",
      "zona": "Urbano"
    },
    {
      "tipo": "COLONIA",
      "nombre": "28 de Junio",
      "codigoPostal": "81200",
      "ciudad": "Los Mochis",
      "zona": "Urbano",
      "fuente": "SEPOMEX"
    },
    {
      "tipo": "PRIVADA",
      "nombre": "360",
      "codigoPostal": "81200",
      "ciudad": "Los Mochis",
      "zona": "Urbano"
    },
    {
      "tipo": "COLONIA",
      "nombre": "4 DE JUNIO (ASENTAMIENTO IRREGULAR)",
      "codigoPostal": "81200",
      "ciudad": "Los Mochis",
      "zona": "Urbano"
    },
    {
      "tipo": "COLONIA",
      "nombre": "6 DE MAYO (ASENTAMIENTO IRREGULAR)",
      "codigoPostal": "81200",
      "ciudad": "Los Mochis",
      "zona": "Urbano"
    },
    {
      "tipo": "COLONIA",
      "nombre": "75 (Heriberto Valdez Romero)",
      "codigoPostal": "81200",
      "ciudad": "Los Mochis",
      "zona": "Urbano",
      "fuente": "SEPOMEX"
    },
    {
      "tipo": "COLONIA",
      "nombre": "88",
      "codigoPostal": "81200",
      "ciudad": "Los Mochis",
      "zona": "Urbano"
    },
    {
      "tipo": "COLONIA",
      "nombre": "Adolfo Lopez Mateos",
      "codigoPostal": "81200",
      "ciudad": "Los Mochis",
      "zona": "Urbano",
      "fuente": "SEPOMEX"
    },
    {
      "tipo": "COLONIA",
      "nombre": "ADOLFO RUIZ CORTINES",
      "codigoPostal": "81200",
      "ciudad": "Los Mochis",
      "zona": "Urbano"
    },
    {
      "tipo": "BARRIO",
      "nombre": "AGUA POTABLE (ASENTAMIENTO IRREGULAR)",
      "codigoPostal": "81200",
      "ciudad": "Los Mochis",
      "zona": "Urbano"
    },
    {
      "tipo": "COLONIA",
      "nombre": "Álamo",
      "codigoPostal": "81200",
      "ciudad": "Los Mochis",
      "zona": "Urbano",
      "fuente": "SEPOMEX"
    },
    {
      "tipo": "COLONIA",
      "nombre": "ÁLAMOS",
      "codigoPostal": "81200",
      "ciudad": "Los Mochis",
      "zona": "Urbano"
    },
    {
      "tipo": "COLONIA",
      "nombre": "Álamos I",
      "codigoPostal": "81200",
      "ciudad": "Los Mochis",
      "zona": "Urbano",
      "fuente": "SEPOMEX"
    },
    {
      "tipo": "COLONIA",
      "nombre": "ALBERTO LÓPEZ VARGAS",
      "codigoPostal": "81200",
      "ciudad": "Los Mochis",
      "zona": "Urbano"
    },
    {
      "tipo": "COLONIA",
      "nombre": "Alcázar del Country",
      "codigoPostal": "81200",
      "ciudad": "Los Mochis",
      "zona": "Urbano",
      "fuente": "SEPOMEX"
    },
    {
      "tipo": "COLONIA",
      "nombre": "Alejandro Peña",
      "codigoPostal": "81200",
      "ciudad": "Los Mochis",
      "zona": "Urbano",
      "fuente": "SEPOMEX"
    },
    {
      "tipo": "COLONIA",
      "nombre": "Alfonso G Calderón",
      "codigoPostal": "81200",
      "ciudad": "Los Mochis",
      "zona": "Urbano",
      "fuente": "SEPOMEX"
    },
    {
      "tipo": "COLONIA",
      "nombre": "Alfredo Salazar",
      "codigoPostal": "81200",
      "ciudad": "Los Mochis",
      "zona": "Urbano",
      "fuente": "SEPOMEX"
    },
    {
      "tipo": "COLONIA",
      "nombre": "Alma Guadalupe Estrada",
      "codigoPostal": "81200",
      "ciudad": "Los Mochis",
      "zona": "Urbano",
      "fuente": "SEPOMEX"
    },
    {
      "tipo": "COLONIA",
      "nombre": "Almendras",
      "codigoPostal": "81200",
      "ciudad": "Los Mochis",
      "zona": "Urbano",
      "fuente": "SEPOMEX"
    },
    {
      "tipo": "COLONIA",
      "nombre": "Americana",
      "codigoPostal": "81200",
      "ciudad": "Los Mochis",
      "zona": "Urbano",
      "fuente": "SEPOMEX"
    },
    {
      "tipo": "COLONIA",
      "nombre": "AMPLIACIÓN 24 DE FEBRERO",
      "codigoPostal": "81200",
      "ciudad": "Los Mochis",
      "zona": "Urbano"
    },
    {
      "tipo": "COLONIA",
      "nombre": "AMPLIACIÓN ADOLFO RUIZ CORTINES",
      "codigoPostal": "81200",
      "ciudad": "Los Mochis",
      "zona": "Urbano"
    },
    {
      "tipo": "NINGUNO",
      "nombre": "AMPLIACIÓN BATIZ",
      "codigoPostal": "81200",
      "ciudad": "Los Mochis",
      "zona": "Urbano"
    },
    {
      "tipo": "COLONIA",
      "nombre": "Ampliación Burócrata",
      "codigoPostal": "81200",
      "ciudad": "Los Mochis",
      "zona": "Urbano",
      "fuente": "SEPOMEX"
    },
    {
      "tipo": "COLONIA",
      "nombre": "AMPLIACIÓN EL TAJITO",
      "codigoPostal": "81200",
      "ciudad": "Los Mochis",
      "zona": "Urbano"
    },
    {
      "tipo": "COLONIA",
      "nombre": "AMPLIACIÓN INVIES (ASENTAMIENTO IRREGULAR)",
      "codigoPostal": "81200",
      "ciudad": "Los Mochis",
      "zona": "Urbano"
    },
    {
      "tipo": "COLONIA",
      "nombre": "AMPLIACIÓN LEYVA SOLANO",
      "codigoPostal": "81200",
      "ciudad": "Los Mochis",
      "zona": "Urbano"
    },
    {
      "tipo": "NINGUNO",
      "nombre": "AMPLIACIÓN PETATLÁN (ASENTAMIENTO IRREGULAR)",
      "codigoPostal": "81200",
      "ciudad": "Los Mochis",
      "zona": "Urbano"
    },
    {
      "tipo": "FRACCIONAMIENTO",
      "nombre": "AMPLIACIÓN SANTA MARÍA",
      "codigoPostal": "81200",
      "ciudad": "Los Mochis",
      "zona": "Urbano"
    },
    {
      "tipo": "COLONIA",
      "nombre": "AMPLIACIÓN VALLE PONIENTE",
      "codigoPostal": "81200",
      "ciudad": "Los Mochis",
      "zona": "Urbano"
    },
    {
      "tipo": "COLONIA",
      "nombre": "Ampliación Viñedos",
      "codigoPostal": "81200",
      "ciudad": "Los Mochis",
      "zona": "Urbano",
      "fuente": "SEPOMEX"
    },
    {
      "tipo": "COLONIA",
      "nombre": "Anáhuac",
      "codigoPostal": "81200",
      "ciudad": "Los Mochis",
      "zona": "Urbano",
      "fuente": "SEPOMEX"
    },
    {
      "tipo": "COLONIA",
      "nombre": "Andalucía",
      "codigoPostal": "81200",
      "ciudad": "Los Mochis",
      "zona": "Urbano",
      "fuente": "SEPOMEX"
    },
    {
      "tipo": "COLONIA",
      "nombre": "ÁNGEL FLORES",
      "codigoPostal": "81200",
      "ciudad": "Los Mochis",
      "zona": "Urbano"
    },
    {
      "tipo": "COLONIA",
      "nombre": "Antonio Toledo Corro",
      "codigoPostal": "81200",
      "ciudad": "Los Mochis",
      "zona": "Urbano",
      "fuente": "SEPOMEX"
    },
    {
      "tipo": "COLONIA",
      "nombre": "ARMANDO GARCÍA",
      "codigoPostal": "81200",
      "ciudad": "Los Mochis",
      "zona": "Urbano"
    },
    {
      "tipo": "COLONIA",
      "nombre": "Ávila Corona",
      "codigoPostal": "81200",
      "ciudad": "Los Mochis",
      "zona": "Urbano",
      "fuente": "SEPOMEX"
    },
    {
      "tipo": "COLONIA",
      "nombre": "AYUNTAMIENTO 92",
      "codigoPostal": "81200",
      "ciudad": "Los Mochis",
      "zona": "Urbano"
    },
    {
      "tipo": "NINGUNO",
      "nombre": "BACHOCO",
      "codigoPostal": "81200",
      "ciudad": "Los Mochis",
      "zona": "Urbano"
    },
    {
      "tipo": "COLONIA",
      "nombre": "Bachomo Infonavit",
      "codigoPostal": "81200",
      "ciudad": "Los Mochis",
      "zona": "Urbano",
      "fuente": "SEPOMEX"
    },
    {
      "tipo": "COLONIA",
      "nombre": "BANCARIA",
      "codigoPostal": "81200",
      "ciudad": "Los Mochis",
      "zona": "Urbano"
    },
    {
      "tipo": "NINGUNO",
      "nombre": "BATIZ",
      "codigoPostal": "81200",
      "ciudad": "Los Mochis",
      "zona": "Urbano"
    },
    {
      "tipo": "COLONIA",
      "nombre": "Bellavista",
      "codigoPostal": "81200",
      "ciudad": "Los Mochis",
      "zona": "Urbano",
      "fuente": "SEPOMEX"
    },
    {
      "tipo": "COLONIA",
      "nombre": "BENITO JUÁREZ",
      "codigoPostal": "81200",
      "ciudad": "Los Mochis",
      "zona": "Urbano"
    },
    {
      "tipo": "COLONIA",
      "nombre": "Bienestar",
      "codigoPostal": "81200",
      "ciudad": "Los Mochis",
      "zona": "Urbano",
      "fuente": "SEPOMEX"
    },
    {
      "tipo": "COLONIA",
      "nombre": "BONANZA (ASENTAMIENTO IRREGULAR)",
      "codigoPostal": "81200",
      "ciudad": "Los Mochis",
      "zona": "Urbano"
    },
    {
      "tipo": "COLONIA",
      "nombre": "Bosques Del Country",
      "codigoPostal": "81200",
      "ciudad": "Los Mochis",
      "zona": "Urbano",
      "fuente": "SEPOMEX"
    },
    {
      "tipo": "COLONIA",
      "nombre": "Bosques del Pedregal",
      "codigoPostal": "81200",
      "ciudad": "Los Mochis",
      "zona": "Urbano",
      "fuente": "SEPOMEX"
    },
    {
      "tipo": "COLONIA",
      "nombre": "Buenavista",
      "codigoPostal": "81200",
      "ciudad": "Los Mochis",
      "zona": "Urbano",
      "fuente": "SEPOMEX"
    },
    {
      "tipo": "COLONIA",
      "nombre": "BUENOS AIRES",
      "codigoPostal": "81200",
      "ciudad": "Los Mochis",
      "zona": "Urbano"
    },
    {
      "tipo": "COLONIA",
      "nombre": "BUGAMBILIAS",
      "codigoPostal": "81200",
      "ciudad": "Los Mochis",
      "zona": "Urbano"
    },
    {
      "tipo": "COLONIA",
      "nombre": "Burócrata",
      "codigoPostal": "81200",
      "ciudad": "Los Mochis",
      "zona": "Urbano",
      "fuente": "SEPOMEX"
    },
    {
      "tipo": "NINGUNO",
      "nombre": "CALLEJONES DE GUASAVITO",
      "codigoPostal": "81200",
      "ciudad": "Los Mochis",
      "zona": "Urbano"
    },
    {
      "tipo": "COLONIA",
      "nombre": "Camelias",
      "codigoPostal": "81200",
      "ciudad": "Los Mochis",
      "zona": "Urbano",
      "fuente": "SEPOMEX"
    },
    {
      "tipo": "COLONIA",
      "nombre": "Campanario",
      "codigoPostal": "81200",
      "ciudad": "Los Mochis",
      "zona": "Urbano",
      "fuente": "SEPOMEX"
    },
    {
      "tipo": "COLONIA",
      "nombre": "Carolina Residencial",
      "codigoPostal": "81200",
      "ciudad": "Los Mochis",
      "zona": "Urbano",
      "fuente": "SEPOMEX"
    },
    {
      "tipo": "COLONIA",
      "nombre": "Catarinas",
      "codigoPostal": "81200",
      "ciudad": "Los Mochis",
      "zona": "Urbano",
      "fuente": "SEPOMEX"
    },
    {
      "tipo": "COLONIA",
      "nombre": "Cedros",
      "codigoPostal": "81200",
      "ciudad": "Los Mochis",
      "zona": "Urbano",
      "fuente": "SEPOMEX"
    },
    {
      "tipo": "COLONIA",
      "nombre": "Central de Abastos",
      "codigoPostal": "81200",
      "ciudad": "Los Mochis",
      "zona": "Urbano",
      "fuente": "SEPOMEX"
    },
    {
      "tipo": "COLONIA",
      "nombre": "CENTRO",
      "codigoPostal": "81200",
      "ciudad": "Los Mochis",
      "zona": "Urbano"
    },
    {
      "tipo": "BARRIO",
      "nombre": "CENTRO (ASENTAMIENTO IRREGULAR)",
      "codigoPostal": "81200",
      "ciudad": "Los Mochis",
      "zona": "Urbano"
    },
    {
      "tipo": "COLONIA",
      "nombre": "Centro Plaza Mochis",
      "codigoPostal": "81200",
      "ciudad": "Los Mochis",
      "zona": "Urbano",
      "fuente": "SEPOMEX"
    },
    {
      "tipo": "NINGUNO",
      "nombre": "CERRO CABEZÓN",
      "codigoPostal": "81200",
      "ciudad": "Los Mochis",
      "zona": "Urbano"
    },
    {
      "tipo": "NINGUNO",
      "nombre": "CHUYONES (ASENTAMIENTO IRREGULAR)",
      "codigoPostal": "81200",
      "ciudad": "Los Mochis",
      "zona": "Urbano"
    },
    {
      "tipo": "COLONIA",
      "nombre": "CIDIR",
      "codigoPostal": "81200",
      "ciudad": "Los Mochis",
      "zona": "Urbano"
    },
    {
      "tipo": "COLONIA",
      "nombre": "COBAES (ASENTAMIENTO IRREGULAR)",
      "codigoPostal": "81200",
      "ciudad": "Los Mochis",
      "zona": "Urbano"
    },
    {
      "tipo": "COLONIA",
      "nombre": "COCARAY (ASENTAMIENTO IRREGULAR)",
      "codigoPostal": "81200",
      "ciudad": "Los Mochis",
      "zona": "Urbano"
    },
    {
      "tipo": "COLONIA",
      "nombre": "Colon",
      "codigoPostal": "81200",
      "ciudad": "Los Mochis",
      "zona": "Urbano",
      "fuente": "SEPOMEX"
    },
    {
      "tipo": "COLONIA",
      "nombre": "COLONIA DEL BOSQUE",
      "codigoPostal": "81200",
      "ciudad": "Los Mochis",
      "zona": "Urbano"
    },
    {
      "tipo": "COLONIA",
      "nombre": "Conquistadores",
      "codigoPostal": "81200",
      "ciudad": "Los Mochis",
      "zona": "Urbano",
      "fuente": "SEPOMEX"
    },
    {
      "tipo": "COLONIA",
      "nombre": "Conrado Espinoza",
      "codigoPostal": "81200",
      "ciudad": "Los Mochis",
      "zona": "Urbano",
      "fuente": "SEPOMEX"
    },
    {
      "tipo": "COLONIA",
      "nombre": "CONSTELACIÓN",
      "codigoPostal": "81200",
      "ciudad": "Los Mochis",
      "zona": "Urbano"
    },
    {
      "tipo": "COLONIA",
      "nombre": "COREREPE",
      "codigoPostal": "81200",
      "ciudad": "Los Mochis",
      "zona": "Urbano"
    },
    {
      "tipo": "COLONIA",
      "nombre": "CTM",
      "codigoPostal": "81200",
      "ciudad": "Los Mochis",
      "zona": "Urbano"
    },
    {
      "tipo": "COLONIA",
      "nombre": "Cuauhtémoc",
      "codigoPostal": "81200",
      "ciudad": "Los Mochis",
      "zona": "Urbano",
      "fuente": "SEPOMEX"
    },
    {
      "tipo": "COLONIA",
      "nombre": "CUBILETE (ASENTAMIENTO IRREGULAR)",
      "codigoPostal": "81200",
      "ciudad": "Los Mochis",
      "zona": "Urbano"
    },
    {
      "tipo": "COLONIA",
      "nombre": "Daniel Biul Ruelas",
      "codigoPostal": "81200",
      "ciudad": "Los Mochis",
      "zona": "Urbano",
      "fuente": "SEPOMEX"
    },
    {
      "tipo": "COLONIA",
      "nombre": "Del Carmen",
      "codigoPostal": "81200",
      "ciudad": "Los Mochis",
      "zona": "Urbano",
      "fuente": "SEPOMEX"
    },
    {
      "tipo": "COLONIA",
      "nombre": "Del Parque",
      "codigoPostal": "81200",
      "ciudad": "Los Mochis",
      "zona": "Urbano",
      "fuente": "SEPOMEX"
    },
    {
      "tipo": "COLONIA",
      "nombre": "Del Real",
      "codigoPostal": "81200",
      "ciudad": "Los Mochis",
      "zona": "Urbano",
      "fuente": "SEPOMEX"
    },
    {
      "tipo": "FRACCIONAMIENTO",
      "nombre": "DELICIAS",
      "codigoPostal": "81200",
      "ciudad": "Los Mochis",
      "zona": "Urbano"
    },
    {
      "tipo": "COLONIA",
      "nombre": "DELICIAS (ASENTAMIENTO IRREGULAR)",
      "codigoPostal": "81200",
      "ciudad": "Los Mochis",
      "zona": "Urbano"
    },
    {
      "tipo": "COLONIA",
      "nombre": "Deportivo Country Club",
      "codigoPostal": "81200",
      "ciudad": "Los Mochis",
      "zona": "Urbano",
      "fuente": "SEPOMEX"
    },
    {
      "tipo": "COLONIA",
      "nombre": "Deportivo y Rincón",
      "codigoPostal": "81200",
      "ciudad": "Los Mochis",
      "zona": "Urbano",
      "fuente": "SEPOMEX"
    },
    {
      "tipo": "COLONIA",
      "nombre": "Diana Laura Riojas",
      "codigoPostal": "81200",
      "ciudad": "Los Mochis",
      "zona": "Urbano",
      "fuente": "SEPOMEX"
    },
    {
      "tipo": "COLONIA",
      "nombre": "DIF",
      "codigoPostal": "81200",
      "ciudad": "Los Mochis",
      "zona": "Urbano"
    },
    {
      "tipo": "COLONIA",
      "nombre": "Dolores Castro",
      "codigoPostal": "81200",
      "ciudad": "Los Mochis",
      "zona": "Urbano",
      "fuente": "SEPOMEX"
    },
    {
      "tipo": "COLONIA",
      "nombre": "EDUARDO LABASTIDA",
      "codigoPostal": "81200",
      "ciudad": "Los Mochis",
      "zona": "Urbano"
    },
    {
      "tipo": "COLONIA",
      "nombre": "EJIDAL",
      "codigoPostal": "81200",
      "ciudad": "Los Mochis",
      "zona": "Urbano"
    },
    {
      "tipo": "COLONIA",
      "nombre": "EJIDAL (ASENTAMIENTO IRREGULAR)",
      "codigoPostal": "81200",
      "ciudad": "Los Mochis",
      "zona": "Urbano"
    },
    {
      "tipo": "COLONIA",
      "nombre": "EJIDO RANCHO CALIFORNIA",
      "codigoPostal": "81200",
      "ciudad": "Los Mochis",
      "zona": "Urbano"
    },
    {
      "tipo": "COLONIA",
      "nombre": "EL BURRIÓN (ASENTAMIENTO IRREGULAR)",
      "codigoPostal": "81200",
      "ciudad": "Los Mochis",
      "zona": "Urbano"
    },
    {
      "tipo": "COLONIA",
      "nombre": "EL CHALECO",
      "codigoPostal": "81200",
      "ciudad": "Los Mochis",
      "zona": "Urbano"
    },
    {
      "tipo": "COLONIA",
      "nombre": "El Chamizal",
      "codigoPostal": "81200",
      "ciudad": "Los Mochis",
      "zona": "Urbano",
      "fuente": "SEPOMEX"
    },
    {
      "tipo": "COLONIA",
      "nombre": "EL CHOYAL (ASENTAMIENTO IRREGULAR)",
      "codigoPostal": "81200",
      "ciudad": "Los Mochis",
      "zona": "Urbano"
    },
    {
      "tipo": "COLONIA",
      "nombre": "El Dorado",
      "codigoPostal": "81200",
      "ciudad": "Los Mochis",
      "zona": "Urbano",
      "fuente": "SEPOMEX"
    },
    {
      "tipo": "FRACCIONAMIENTO",
      "nombre": "EL EMPAQUE (ASENTAMIENTO IRREGULAR)",
      "codigoPostal": "81200",
      "ciudad": "Los Mochis",
      "zona": "Urbano"
    },
    {
      "tipo": "COLONIA",
      "nombre": "EL GALLO",
      "codigoPostal": "81200",
      "ciudad": "Los Mochis",
      "zona": "Urbano"
    },
    {
      "tipo": "COLONIA",
      "nombre": "EL GALLO DE LIMONES",
      "codigoPostal": "81200",
      "ciudad": "Los Mochis",
      "zona": "Urbano"
    },
    {
      "tipo": "COLONIA",
      "nombre": "EL MIRADOR",
      "codigoPostal": "81200",
      "ciudad": "Los Mochis",
      "zona": "Urbano"
    },
    {
      "tipo": "SECTOR",
      "nombre": "EL RASTRO",
      "codigoPostal": "81200",
      "ciudad": "Los Mochis",
      "zona": "Urbano"
    },
    {
      "tipo": "COLONIA",
      "nombre": "EL TAJITO",
      "codigoPostal": "81200",
      "ciudad": "Los Mochis",
      "zona": "Urbano"
    },
    {
      "tipo": "COLONIA",
      "nombre": "ELECTRICISTAS",
      "codigoPostal": "81200",
      "ciudad": "Los Mochis",
      "zona": "Urbano"
    },
    {
      "tipo": "CONJUNTO HABITACIONAL",
      "nombre": "EMPRESA BON (ASENTAMIENTO IRREGULAR)",
      "codigoPostal": "81200",
      "ciudad": "Los Mochis",
      "zona": "Urbano"
    },
    {
      "tipo": "COLONIA",
      "nombre": "ERMITA",
      "codigoPostal": "81200",
      "ciudad": "Los Mochis",
      "zona": "Urbano"
    },
    {
      "tipo": "COLONIA",
      "nombre": "Ernesto Hays Borbo",
      "codigoPostal": "81200",
      "ciudad": "Los Mochis",
      "zona": "Urbano",
      "fuente": "SEPOMEX"
    },
    {
      "tipo": "COLONIA",
      "nombre": "Estrella",
      "codigoPostal": "81200",
      "ciudad": "Los Mochis",
      "zona": "Urbano",
      "fuente": "SEPOMEX"
    },
    {
      "tipo": "COLONIA",
      "nombre": "Ferrocarril",
      "codigoPostal": "81200",
      "ciudad": "Los Mochis",
      "zona": "Urbano",
      "fuente": "SEPOMEX"
    },
    {
      "tipo": "FRACCIONAMIENTO",
      "nombre": "FLAMINGOS",
      "codigoPostal": "81200",
      "ciudad": "Los Mochis",
      "zona": "Urbano"
    },
    {
      "tipo": "COLONIA",
      "nombre": "Flor de las Arboledas",
      "codigoPostal": "81200",
      "ciudad": "Los Mochis",
      "zona": "Urbano",
      "fuente": "SEPOMEX"
    },
    {
      "tipo": "FRACCIONAMIENTO",
      "nombre": "FLORESTA",
      "codigoPostal": "81200",
      "ciudad": "Los Mochis",
      "zona": "Urbano"
    },
    {
      "tipo": "COLONIA",
      "nombre": "Fovissste",
      "codigoPostal": "81200",
      "ciudad": "Los Mochis",
      "zona": "Urbano",
      "fuente": "SEPOMEX"
    },
    {
      "tipo": "COLONIA",
      "nombre": "FOVISSSTE 3",
      "codigoPostal": "81200",
      "ciudad": "Los Mochis",
      "zona": "Urbano",
      "fuente": "SEPOMEX"
    },
    {
      "tipo": "COLONIA",
      "nombre": "FOVISSSTE Tabachines IV",
      "codigoPostal": "81200",
      "ciudad": "Los Mochis",
      "zona": "Urbano",
      "fuente": "SEPOMEX"
    },
    {
      "tipo": "COLONIA",
      "nombre": "Francisco Labastida Ochoa",
      "codigoPostal": "81200",
      "ciudad": "Los Mochis",
      "zona": "Urbano",
      "fuente": "SEPOMEX"
    },
    {
      "tipo": "COLONIA",
      "nombre": "FRANCISCO LEY (ASENTAMIENTO IRREGULAR)",
      "codigoPostal": "81200",
      "ciudad": "Los Mochis",
      "zona": "Urbano"
    },
    {
      "tipo": "COLONIA",
      "nombre": "Francisco Villa",
      "codigoPostal": "81200",
      "ciudad": "Los Mochis",
      "zona": "Urbano",
      "fuente": "SEPOMEX"
    },
    {
      "tipo": "COLONIA",
      "nombre": "FRESNO",
      "codigoPostal": "81200",
      "ciudad": "Los Mochis",
      "zona": "Urbano"
    },
    {
      "tipo": "COLONIA",
      "nombre": "Fuentes Del Bosque",
      "codigoPostal": "81200",
      "ciudad": "Los Mochis",
      "zona": "Urbano",
      "fuente": "SEPOMEX"
    },
    {
      "tipo": "FRACCIONAMIENTO",
      "nombre": "FUNDADORES",
      "codigoPostal": "81200",
      "ciudad": "Los Mochis",
      "zona": "Urbano"
    },
    {
      "tipo": "COLONIA",
      "nombre": "Gabriel Leyva",
      "codigoPostal": "81200",
      "ciudad": "Los Mochis",
      "zona": "Urbano",
      "fuente": "SEPOMEX"
    },
    {
      "tipo": "COLONIA",
      "nombre": "GABRIEL LEYVA SOLANO",
      "codigoPostal": "81200",
      "ciudad": "Los Mochis",
      "zona": "Urbano"
    },
    {
      "tipo": "COLONIA",
      "nombre": "Gastelum",
      "codigoPostal": "81200",
      "ciudad": "Los Mochis",
      "zona": "Urbano",
      "fuente": "SEPOMEX"
    },
    {
      "tipo": "COLONIA",
      "nombre": "Gaviotas",
      "codigoPostal": "81200",
      "ciudad": "Los Mochis",
      "zona": "Urbano",
      "fuente": "SEPOMEX"
    },
    {
      "tipo": "COLONIA",
      "nombre": "Germán Arroyo",
      "codigoPostal": "81200",
      "ciudad": "Los Mochis",
      "zona": "Urbano",
      "fuente": "SEPOMEX"
    },
    {
      "tipo": "FRACCIONAMIENTO",
      "nombre": "GRAN FUNDADORES",
      "codigoPostal": "81200",
      "ciudad": "Los Mochis",
      "zona": "Urbano"
    },
    {
      "tipo": "COLONIA",
      "nombre": "Grijalva",
      "codigoPostal": "81200",
      "ciudad": "Los Mochis",
      "zona": "Urbano",
      "fuente": "SEPOMEX"
    },
    {
      "tipo": "AMPLIACIÓN",
      "nombre": "GUASAVE 2000",
      "codigoPostal": "81200",
      "ciudad": "Los Mochis",
      "zona": "Urbano"
    },
    {
      "tipo": "FRACCIONAMIENTO",
      "nombre": "GUASAVE 94",
      "codigoPostal": "81200",
      "ciudad": "Los Mochis",
      "zona": "Urbano"
    },
    {
      "tipo": "COLONIA",
      "nombre": "Hacienda Arroyo Pioneros",
      "codigoPostal": "81200",
      "ciudad": "Los Mochis",
      "zona": "Urbano",
      "fuente": "SEPOMEX"
    },
    {
      "tipo": "NINGUNO",
      "nombre": "HACIENDA DE LA AMISTAD",
      "codigoPostal": "81200",
      "ciudad": "Los Mochis",
      "zona": "Urbano"
    },
    {
      "tipo": "COLONIA",
      "nombre": "Hacienda del Arroyo",
      "codigoPostal": "81200",
      "ciudad": "Los Mochis",
      "zona": "Urbano",
      "fuente": "SEPOMEX"
    },
    {
      "tipo": "COLONIA",
      "nombre": "Hacienda Santa Clara",
      "codigoPostal": "81200",
      "ciudad": "Los Mochis",
      "zona": "Urbano",
      "fuente": "SEPOMEX"
    },
    {
      "tipo": "COLONIA",
      "nombre": "Haciendas Country",
      "codigoPostal": "81200",
      "ciudad": "Los Mochis",
      "zona": "Urbano",
      "fuente": "SEPOMEX"
    },
    {
      "tipo": "COLONIA",
      "nombre": "Haciendas del Valle",
      "codigoPostal": "81200",
      "ciudad": "Los Mochis",
      "zona": "Urbano",
      "fuente": "SEPOMEX"
    },
    {
      "tipo": "COLONIA",
      "nombre": "HÉCTOR ASTORGA",
      "codigoPostal": "81200",
      "ciudad": "Los Mochis",
      "zona": "Urbano"
    },
    {
      "tipo": "FRACCIONAMIENTO",
      "nombre": "HERNANDO DE VILLAFAÑE",
      "codigoPostal": "81200",
      "ciudad": "Los Mochis",
      "zona": "Urbano"
    },
    {
      "tipo": "COLONIA",
      "nombre": "Ibarra",
      "codigoPostal": "81200",
      "ciudad": "Los Mochis",
      "zona": "Urbano",
      "fuente": "SEPOMEX"
    },
    {
      "tipo": "COLONIA",
      "nombre": "INDEPENDENCIA",
      "codigoPostal": "81200",
      "ciudad": "Los Mochis",
      "zona": "Urbano"
    },
    {
      "tipo": "COLONIA",
      "nombre": "INFONAVIT Mochicahui",
      "codigoPostal": "81200",
      "ciudad": "Los Mochis",
      "zona": "Urbano",
      "fuente": "SEPOMEX"
    },
    {
      "tipo": "COLONIA",
      "nombre": "INFONAVIT Mochicahui II",
      "codigoPostal": "81200",
      "ciudad": "Los Mochis",
      "zona": "Urbano",
      "fuente": "SEPOMEX"
    },
    {
      "tipo": "COLONIA",
      "nombre": "Ingeniero Heriberto Valdez Romero",
      "codigoPostal": "81200",
      "ciudad": "Los Mochis",
      "zona": "Urbano",
      "fuente": "SEPOMEX"
    },
    {
      "tipo": "COLONIA",
      "nombre": "Insurgentes Obrera",
      "codigoPostal": "81200",
      "ciudad": "Los Mochis",
      "zona": "Urbano",
      "fuente": "SEPOMEX"
    },
    {
      "tipo": "COLONIA",
      "nombre": "Islas Residenciales",
      "codigoPostal": "81200",
      "ciudad": "Los Mochis",
      "zona": "Urbano",
      "fuente": "SEPOMEX"
    },
    {
      "tipo": "COLONIA",
      "nombre": "ISSSTESIN",
      "codigoPostal": "81200",
      "ciudad": "Los Mochis",
      "zona": "Urbano",
      "fuente": "SEPOMEX"
    },
    {
      "tipo": "COLONIA",
      "nombre": "Jardín",
      "codigoPostal": "81200",
      "ciudad": "Los Mochis",
      "zona": "Urbano",
      "fuente": "SEPOMEX"
    },
    {
      "tipo": "COLONIA",
      "nombre": "Jardines de Fátima",
      "codigoPostal": "81200",
      "ciudad": "Los Mochis",
      "zona": "Urbano",
      "fuente": "SEPOMEX"
    },
    {
      "tipo": "COLONIA",
      "nombre": "Jardines de Guadalupe",
      "codigoPostal": "81200",
      "ciudad": "Los Mochis",
      "zona": "Urbano",
      "fuente": "SEPOMEX"
    },
    {
      "tipo": "COLONIA",
      "nombre": "Jardines de Morelos",
      "codigoPostal": "81200",
      "ciudad": "Los Mochis",
      "zona": "Urbano",
      "fuente": "SEPOMEX"
    },
    {
      "tipo": "COLONIA",
      "nombre": "Jardines de Villa",
      "codigoPostal": "81200",
      "ciudad": "Los Mochis",
      "zona": "Urbano",
      "fuente": "SEPOMEX"
    },
    {
      "tipo": "COLONIA",
      "nombre": "Jardines de Zacatecas",
      "codigoPostal": "81200",
      "ciudad": "Los Mochis",
      "zona": "Urbano",
      "fuente": "SEPOMEX"
    },
    {
      "tipo": "COLONIA",
      "nombre": "Jardines del Bosque",
      "codigoPostal": "81200",
      "ciudad": "Los Mochis",
      "zona": "Urbano",
      "fuente": "SEPOMEX"
    },
    {
      "tipo": "COLONIA",
      "nombre": "Jardines del Country",
      "codigoPostal": "81200",
      "ciudad": "Los Mochis",
      "zona": "Urbano",
      "fuente": "SEPOMEX"
    },
    {
      "tipo": "COLONIA",
      "nombre": "JARDINES DEL SOL",
      "codigoPostal": "81200",
      "ciudad": "Los Mochis",
      "zona": "Urbano"
    },
    {
      "tipo": "COLONIA",
      "nombre": "JARDINES DEL VALLE",
      "codigoPostal": "81200",
      "ciudad": "Los Mochis",
      "zona": "Urbano"
    },
    {
      "tipo": "COLONIA",
      "nombre": "Jiquilpan",
      "codigoPostal": "81200",
      "ciudad": "Los Mochis",
      "zona": "Urbano",
      "fuente": "SEPOMEX"
    },
    {
      "tipo": "COLONIA",
      "nombre": "Jiquilpan 2",
      "codigoPostal": "81200",
      "ciudad": "Los Mochis",
      "zona": "Urbano",
      "fuente": "SEPOMEX"
    },
    {
      "tipo": "COLONIA",
      "nombre": "Jordan",
      "codigoPostal": "81200",
      "ciudad": "Los Mochis",
      "zona": "Urbano",
      "fuente": "SEPOMEX"
    },
    {
      "tipo": "COLONIA",
      "nombre": "Jordan Jiquilpan",
      "codigoPostal": "81200",
      "ciudad": "Los Mochis",
      "zona": "Urbano",
      "fuente": "SEPOMEX"
    },
    {
      "tipo": "COLONIA",
      "nombre": "Jordan Madero",
      "codigoPostal": "81200",
      "ciudad": "Los Mochis",
      "zona": "Urbano",
      "fuente": "SEPOMEX"
    },
    {
      "tipo": "COLONIA",
      "nombre": "José Ángel Ferrusquilla",
      "codigoPostal": "81200",
      "ciudad": "Los Mochis",
      "zona": "Urbano",
      "fuente": "SEPOMEX"
    },
    {
      "tipo": "COLONIA",
      "nombre": "JOSEFA ORTIZ DE DOMÍNGUEZ",
      "codigoPostal": "81200",
      "ciudad": "Los Mochis",
      "zona": "Urbano"
    },
    {
      "tipo": "COLONIA",
      "nombre": "Juan Cota",
      "codigoPostal": "81200",
      "ciudad": "Los Mochis",
      "zona": "Urbano",
      "fuente": "SEPOMEX"
    },
    {
      "tipo": "NINGUNO",
      "nombre": "JUAN JOSÉ RÍOS",
      "codigoPostal": "81200",
      "ciudad": "Los Mochis",
      "zona": "Urbano"
    },
    {
      "tipo": "COLONIA",
      "nombre": "JUAN S. MILLÁN",
      "codigoPostal": "81200",
      "ciudad": "Los Mochis",
      "zona": "Urbano"
    },
    {
      "tipo": "COLONIA",
      "nombre": "JUAN S. MILLÁN (ASENTAMIENTO IRREGULAR)",
      "codigoPostal": "81200",
      "ciudad": "Los Mochis",
      "zona": "Urbano"
    },
    {
      "tipo": "COLONIA",
      "nombre": "Julia Viuda de Ríos",
      "codigoPostal": "81200",
      "ciudad": "Los Mochis",
      "zona": "Urbano",
      "fuente": "SEPOMEX"
    },
    {
      "tipo": "COLONIA",
      "nombre": "La Cuchilla",
      "codigoPostal": "81200",
      "ciudad": "Los Mochis",
      "zona": "Urbano",
      "fuente": "SEPOMEX"
    },
    {
      "tipo": "COLONIA",
      "nombre": "La Esmeralda",
      "codigoPostal": "81200",
      "ciudad": "Los Mochis",
      "zona": "Urbano",
      "fuente": "SEPOMEX"
    },
    {
      "tipo": "COLONIA",
      "nombre": "La Esperanza",
      "codigoPostal": "81200",
      "ciudad": "Los Mochis",
      "zona": "Urbano",
      "fuente": "SEPOMEX"
    },
    {
      "tipo": "NINGUNO",
      "nombre": "LA ESTRELLA",
      "codigoPostal": "81200",
      "ciudad": "Los Mochis",
      "zona": "Urbano"
    },
    {
      "tipo": "COLONIA",
      "nombre": "LA FLORIDA",
      "codigoPostal": "81200",
      "ciudad": "Los Mochis",
      "zona": "Urbano"
    },
    {
      "tipo": "COLONIA",
      "nombre": "La Herradura",
      "codigoPostal": "81200",
      "ciudad": "Los Mochis",
      "zona": "Urbano",
      "fuente": "SEPOMEX"
    },
    {
      "tipo": "COLONIA",
      "nombre": "La Joya",
      "codigoPostal": "81200",
      "ciudad": "Los Mochis",
      "zona": "Urbano",
      "fuente": "SEPOMEX"
    },
    {
      "tipo": "COLONIA",
      "nombre": "LA MÁQUINA (ASENTAMIENTO IRREGULAR)",
      "codigoPostal": "81200",
      "ciudad": "Los Mochis",
      "zona": "Urbano"
    },
    {
      "tipo": "COLONIA",
      "nombre": "La Memoria",
      "codigoPostal": "81200",
      "ciudad": "Los Mochis",
      "zona": "Urbano",
      "fuente": "SEPOMEX"
    },
    {
      "tipo": "COLONIA",
      "nombre": "LA PIEDRERA",
      "codigoPostal": "81200",
      "ciudad": "Los Mochis",
      "zona": "Urbano"
    },
    {
      "tipo": "BARRIO",
      "nombre": "LA PLAZA (ASENTAMIENTO IRREGULAR)",
      "codigoPostal": "81200",
      "ciudad": "Los Mochis",
      "zona": "Urbano"
    },
    {
      "tipo": "COLONIA",
      "nombre": "La Primavera",
      "codigoPostal": "81200",
      "ciudad": "Los Mochis",
      "zona": "Urbano",
      "fuente": "SEPOMEX"
    },
    {
      "tipo": "COLONIA",
      "nombre": "LA RANA (ASENTAMIENTO IRREGULAR)",
      "codigoPostal": "81200",
      "ciudad": "Los Mochis",
      "zona": "Urbano"
    },
    {
      "tipo": "NINGUNO",
      "nombre": "LA TRINIDAD",
      "codigoPostal": "81200",
      "ciudad": "Los Mochis",
      "zona": "Urbano"
    },
    {
      "tipo": "COLONIA",
      "nombre": "Las Azucenas",
      "codigoPostal": "81200",
      "ciudad": "Los Mochis",
      "zona": "Urbano",
      "fuente": "SEPOMEX"
    },
    {
      "tipo": "BARRIO",
      "nombre": "LAS BOMBAS (ASENTAMIENTO IRREGULAR)",
      "codigoPostal": "81200",
      "ciudad": "Los Mochis",
      "zona": "Urbano"
    },
    {
      "tipo": "COLONIA",
      "nombre": "Las Cañas",
      "codigoPostal": "81200",
      "ciudad": "Los Mochis",
      "zona": "Urbano",
      "fuente": "SEPOMEX"
    },
    {
      "tipo": "COLONIA",
      "nombre": "LAS CASITAS (ASENTAMIENTO IRREGULAR)",
      "codigoPostal": "81200",
      "ciudad": "Los Mochis",
      "zona": "Urbano"
    },
    {
      "tipo": "COLONIA",
      "nombre": "Las Delicias",
      "codigoPostal": "81200",
      "ciudad": "Los Mochis",
      "zona": "Urbano",
      "fuente": "SEPOMEX"
    },
    {
      "tipo": "COLONIA",
      "nombre": "Las Flores",
      "codigoPostal": "81200",
      "ciudad": "Los Mochis",
      "zona": "Urbano",
      "fuente": "SEPOMEX"
    },
    {
      "tipo": "COLONIA",
      "nombre": "Las Fuentes",
      "codigoPostal": "81200",
      "ciudad": "Los Mochis",
      "zona": "Urbano",
      "fuente": "SEPOMEX"
    },
    {
      "tipo": "COLONIA",
      "nombre": "Las Fuentes 2000",
      "codigoPostal": "81200",
      "ciudad": "Los Mochis",
      "zona": "Urbano",
      "fuente": "SEPOMEX"
    },
    {
      "tipo": "FRACCIONAMIENTO",
      "nombre": "LAS GARZAS",
      "codigoPostal": "81200",
      "ciudad": "Los Mochis",
      "zona": "Urbano"
    },
    {
      "tipo": "COLONIA",
      "nombre": "Las Glorias",
      "codigoPostal": "81200",
      "ciudad": "Los Mochis",
      "zona": "Urbano",
      "fuente": "SEPOMEX"
    },
    {
      "tipo": "COLONIA",
      "nombre": "LAS GOLONDRINAS (ASENTAMIENTO IRREGULAR)",
      "codigoPostal": "81200",
      "ciudad": "Los Mochis",
      "zona": "Urbano"
    },
    {
      "tipo": "COLONIA",
      "nombre": "Las Haciendas",
      "codigoPostal": "81200",
      "ciudad": "Los Mochis",
      "zona": "Urbano",
      "fuente": "SEPOMEX"
    },
    {
      "tipo": "COLONIA",
      "nombre": "LAS HUERTAS",
      "codigoPostal": "81200",
      "ciudad": "Los Mochis",
      "zona": "Urbano"
    },
    {
      "tipo": "COLONIA",
      "nombre": "LAS MALVINAS (ASENTAMIENTO IRREGULAR)",
      "codigoPostal": "81200",
      "ciudad": "Los Mochis",
      "zona": "Urbano"
    },
    {
      "tipo": "COLONIA",
      "nombre": "Las Mañanitas",
      "codigoPostal": "81200",
      "ciudad": "Los Mochis",
      "zona": "Urbano",
      "fuente": "SEPOMEX"
    },
    {
      "tipo": "COLONIA",
      "nombre": "Las Misiones",
      "codigoPostal": "81200",
      "ciudad": "Los Mochis",
      "zona": "Urbano",
      "fuente": "SEPOMEX"
    },
    {
      "tipo": "COLONIA",
      "nombre": "Las Nubes",
      "codigoPostal": "81200",
      "ciudad": "Los Mochis",
      "zona": "Urbano",
      "fuente": "SEPOMEX"
    },
    {
      "tipo": "COLONIA",
      "nombre": "LAS PALMAS",
      "codigoPostal": "81200",
      "ciudad": "Los Mochis",
      "zona": "Urbano"
    },
    {
      "tipo": "COLONIA",
      "nombre": "Las Praderas",
      "codigoPostal": "81200",
      "ciudad": "Los Mochis",
      "zona": "Urbano",
      "fuente": "SEPOMEX"
    },
    {
      "tipo": "COLONIA",
      "nombre": "Las Torres",
      "codigoPostal": "81200",
      "ciudad": "Los Mochis",
      "zona": "Urbano",
      "fuente": "SEPOMEX"
    },
    {
      "tipo": "COLONIA",
      "nombre": "Lastras Altamirano",
      "codigoPostal": "81200",
      "ciudad": "Los Mochis",
      "zona": "Urbano",
      "fuente": "SEPOMEX"
    },
    {
      "tipo": "COLONIA",
      "nombre": "LÁZARO CÁRDENAS",
      "codigoPostal": "81200",
      "ciudad": "Los Mochis",
      "zona": "Urbano"
    },
    {
      "tipo": "COLONIA",
      "nombre": "Lázaro Cárdenas Del Rio",
      "codigoPostal": "81200",
      "ciudad": "Los Mochis",
      "zona": "Urbano",
      "fuente": "SEPOMEX"
    },
    {
      "tipo": "COLONIA",
      "nombre": "LEÓN FONSECA (ASENTAMIENTO IRREGULAR)",
      "codigoPostal": "81200",
      "ciudad": "Los Mochis",
      "zona": "Urbano"
    },
    {
      "tipo": "COLONIA",
      "nombre": "Libertad",
      "codigoPostal": "81200",
      "ciudad": "Los Mochis",
      "zona": "Urbano",
      "fuente": "SEPOMEX"
    },
    {
      "tipo": "COLONIA",
      "nombre": "Loma Dorada",
      "codigoPostal": "81200",
      "ciudad": "Los Mochis",
      "zona": "Urbano",
      "fuente": "SEPOMEX"
    },
    {
      "tipo": "COLONIA",
      "nombre": "LOMAS DEL MAR",
      "codigoPostal": "81200",
      "ciudad": "Los Mochis",
      "zona": "Urbano"
    },
    {
      "tipo": "COLONIA",
      "nombre": "Lopez Portillo",
      "codigoPostal": "81200",
      "ciudad": "Los Mochis",
      "zona": "Urbano",
      "fuente": "SEPOMEX"
    },
    {
      "tipo": "FRACCIONAMIENTO",
      "nombre": "LOS ÁNGELES",
      "codigoPostal": "81200",
      "ciudad": "Los Mochis",
      "zona": "Urbano"
    },
    {
      "tipo": "COLONIA",
      "nombre": "LOS BULIS (ASENTAMIENTO IRREGULAR)",
      "codigoPostal": "81200",
      "ciudad": "Los Mochis",
      "zona": "Urbano"
    },
    {
      "tipo": "COLONIA",
      "nombre": "Los Girasoles",
      "codigoPostal": "81200",
      "ciudad": "Los Mochis",
      "zona": "Urbano",
      "fuente": "SEPOMEX"
    },
    {
      "tipo": "COLONIA",
      "nombre": "LOS GIRASOLES (ASENTAMIENTO IRREGULAR)",
      "codigoPostal": "81200",
      "ciudad": "Los Mochis",
      "zona": "Urbano"
    },
    {
      "tipo": "COLONIA",
      "nombre": "Los Laureles",
      "codigoPostal": "81200",
      "ciudad": "Los Mochis",
      "zona": "Urbano",
      "fuente": "SEPOMEX"
    },
    {
      "tipo": "COLONIA",
      "nombre": "Los Mochis Centro",
      "codigoPostal": "81200",
      "ciudad": "Los Mochis",
      "zona": "Urbano",
      "fuente": "SEPOMEX"
    },
    {
      "tipo": "COLONIA",
      "nombre": "Los Naranjos",
      "codigoPostal": "81200",
      "ciudad": "Los Mochis",
      "zona": "Urbano",
      "fuente": "SEPOMEX"
    },
    {
      "tipo": "COLONIA",
      "nombre": "Los Olivos",
      "codigoPostal": "81200",
      "ciudad": "Los Mochis",
      "zona": "Urbano",
      "fuente": "SEPOMEX"
    },
    {
      "tipo": "COLONIA",
      "nombre": "Los Pinos",
      "codigoPostal": "81200",
      "ciudad": "Los Mochis",
      "zona": "Urbano",
      "fuente": "SEPOMEX"
    },
    {
      "tipo": "COLONIA",
      "nombre": "Los Portales",
      "codigoPostal": "81200",
      "ciudad": "Los Mochis",
      "zona": "Urbano",
      "fuente": "SEPOMEX"
    },
    {
      "tipo": "COLONIA",
      "nombre": "Los Sabinos",
      "codigoPostal": "81200",
      "ciudad": "Los Mochis",
      "zona": "Urbano",
      "fuente": "SEPOMEX"
    },
    {
      "tipo": "COLONIA",
      "nombre": "LOS SAUCES",
      "codigoPostal": "81200",
      "ciudad": "Los Mochis",
      "zona": "Urbano"
    },
    {
      "tipo": "COLONIA",
      "nombre": "Los Virreyes",
      "codigoPostal": "81200",
      "ciudad": "Los Mochis",
      "zona": "Urbano",
      "fuente": "SEPOMEX"
    },
    {
      "tipo": "COLONIA",
      "nombre": "LUIS DONALDO COLOSIO",
      "codigoPostal": "81200",
      "ciudad": "Los Mochis",
      "zona": "Urbano"
    },
    {
      "tipo": "COLONIA",
      "nombre": "Macapule Infonavit",
      "codigoPostal": "81200",
      "ciudad": "Los Mochis",
      "zona": "Urbano",
      "fuente": "SEPOMEX"
    },
    {
      "tipo": "COLONIA",
      "nombre": "MAGISTERIAL",
      "codigoPostal": "81200",
      "ciudad": "Los Mochis",
      "zona": "Urbano"
    },
    {
      "tipo": "COLONIA",
      "nombre": "MAKARENKO",
      "codigoPostal": "81200",
      "ciudad": "Los Mochis",
      "zona": "Urbano"
    },
    {
      "tipo": "COLONIA",
      "nombre": "Mallorca",
      "codigoPostal": "81200",
      "ciudad": "Los Mochis",
      "zona": "Urbano",
      "fuente": "SEPOMEX"
    },
    {
      "tipo": "COLONIA",
      "nombre": "Margarita",
      "codigoPostal": "81200",
      "ciudad": "Los Mochis",
      "zona": "Urbano",
      "fuente": "SEPOMEX"
    },
    {
      "tipo": "FRACCIONAMIENTO",
      "nombre": "MARGARITAS",
      "codigoPostal": "81200",
      "ciudad": "Los Mochis",
      "zona": "Urbano"
    },
    {
      "tipo": "COLONIA",
      "nombre": "Mario Avilez",
      "codigoPostal": "81200",
      "ciudad": "Los Mochis",
      "zona": "Urbano",
      "fuente": "SEPOMEX"
    },
    {
      "tipo": "COLONIA",
      "nombre": "Mayra H Pamplona",
      "codigoPostal": "81200",
      "ciudad": "Los Mochis",
      "zona": "Urbano",
      "fuente": "SEPOMEX"
    },
    {
      "tipo": "COLONIA",
      "nombre": "Mediterráneo",
      "codigoPostal": "81200",
      "ciudad": "Los Mochis",
      "zona": "Urbano",
      "fuente": "SEPOMEX"
    },
    {
      "tipo": "COLONIA",
      "nombre": "Menonitas",
      "codigoPostal": "81200",
      "ciudad": "Los Mochis",
      "zona": "Urbano",
      "fuente": "SEPOMEX"
    },
    {
      "tipo": "COLONIA",
      "nombre": "MÉXICO",
      "codigoPostal": "81200",
      "ciudad": "Los Mochis",
      "zona": "Urbano"
    },
    {
      "tipo": "COLONIA",
      "nombre": "Miguel Hidalgo",
      "codigoPostal": "81200",
      "ciudad": "Los Mochis",
      "zona": "Urbano",
      "fuente": "SEPOMEX"
    },
    {
      "tipo": "COLONIA",
      "nombre": "MIGUEL LEYSON PÉREZ",
      "codigoPostal": "81200",
      "ciudad": "Los Mochis",
      "zona": "Urbano"
    },
    {
      "tipo": "FRACCIONAMIENTO",
      "nombre": "MIRAVALLE",
      "codigoPostal": "81200",
      "ciudad": "Los Mochis",
      "zona": "Urbano"
    },
    {
      "tipo": "COLONIA",
      "nombre": "MOLINO DE DON BOSCO",
      "codigoPostal": "81200",
      "ciudad": "Los Mochis",
      "zona": "Urbano"
    },
    {
      "tipo": "COLONIA",
      "nombre": "Monferrat",
      "codigoPostal": "81200",
      "ciudad": "Los Mochis",
      "zona": "Urbano",
      "fuente": "SEPOMEX"
    },
    {
      "tipo": "COLONIA",
      "nombre": "Monico Soto",
      "codigoPostal": "81200",
      "ciudad": "Los Mochis",
      "zona": "Urbano",
      "fuente": "SEPOMEX"
    },
    {
      "tipo": "COLONIA",
      "nombre": "Monte Carlo",
      "codigoPostal": "81200",
      "ciudad": "Los Mochis",
      "zona": "Urbano",
      "fuente": "SEPOMEX"
    },
    {
      "tipo": "COLONIA",
      "nombre": "Montebello",
      "codigoPostal": "81200",
      "ciudad": "Los Mochis",
      "zona": "Urbano",
      "fuente": "SEPOMEX"
    },
    {
      "tipo": "COLONIA",
      "nombre": "Morelos",
      "codigoPostal": "81200",
      "ciudad": "Los Mochis",
      "zona": "Urbano",
      "fuente": "SEPOMEX"
    },
    {
      "tipo": "COLONIA",
      "nombre": "Morelos CTM",
      "codigoPostal": "81200",
      "ciudad": "Los Mochis",
      "zona": "Urbano",
      "fuente": "SEPOMEX"
    },
    {
      "tipo": "COLONIA",
      "nombre": "Morelos CTM 2",
      "codigoPostal": "81200",
      "ciudad": "Los Mochis",
      "zona": "Urbano",
      "fuente": "SEPOMEX"
    },
    {
      "tipo": "COLONIA",
      "nombre": "Narciso Mendoza (Las Malvinas)",
      "codigoPostal": "81200",
      "ciudad": "Los Mochis",
      "zona": "Urbano",
      "fuente": "SEPOMEX"
    },
    {
      "tipo": "NINGUNO",
      "nombre": "NINGUNO",
      "codigoPostal": "81200",
      "ciudad": "Los Mochis",
      "zona": "Urbano"
    },
    {
      "tipo": "COLONIA",
      "nombre": "NINGUNO (ASENTAMIENTO IRREGULAR)",
      "codigoPostal": "81200",
      "ciudad": "Los Mochis",
      "zona": "Urbano"
    },
    {
      "tipo": "NINGUNO",
      "nombre": "NIO",
      "codigoPostal": "81200",
      "ciudad": "Los Mochis",
      "zona": "Urbano"
    },
    {
      "tipo": "COLONIA",
      "nombre": "Nueva Revolución",
      "codigoPostal": "81200",
      "ciudad": "Los Mochis",
      "zona": "Urbano",
      "fuente": "SEPOMEX"
    },
    {
      "tipo": "COLONIA",
      "nombre": "NUEVO BATAMOTE",
      "codigoPostal": "81200",
      "ciudad": "Los Mochis",
      "zona": "Urbano"
    },
    {
      "tipo": "COLONIA",
      "nombre": "NUEVO GUASAVE",
      "codigoPostal": "81200",
      "ciudad": "Los Mochis",
      "zona": "Urbano"
    },
    {
      "tipo": "COLONIA",
      "nombre": "Nuevo Horizonte",
      "codigoPostal": "81200",
      "ciudad": "Los Mochis",
      "zona": "Urbano",
      "fuente": "SEPOMEX"
    },
    {
      "tipo": "COLONIA",
      "nombre": "Nuevo Siglo",
      "codigoPostal": "81200",
      "ciudad": "Los Mochis",
      "zona": "Urbano",
      "fuente": "SEPOMEX"
    },
    {
      "tipo": "COLONIA",
      "nombre": "Obrera",
      "codigoPostal": "81200",
      "ciudad": "Los Mochis",
      "zona": "Urbano",
      "fuente": "SEPOMEX"
    },
    {
      "tipo": "COLONIA",
      "nombre": "OCORO",
      "codigoPostal": "81200",
      "ciudad": "Los Mochis",
      "zona": "Urbano"
    },
    {
      "tipo": "COLONIA",
      "nombre": "Ofelia Duarte",
      "codigoPostal": "81200",
      "ciudad": "Los Mochis",
      "zona": "Urbano",
      "fuente": "SEPOMEX"
    },
    {
      "tipo": "COLONIA",
      "nombre": "Palmera Residencial",
      "codigoPostal": "81200",
      "ciudad": "Los Mochis",
      "zona": "Urbano",
      "fuente": "SEPOMEX"
    },
    {
      "tipo": "COLONIA",
      "nombre": "Palos Verdes Infonavit",
      "codigoPostal": "81200",
      "ciudad": "Los Mochis",
      "zona": "Urbano",
      "fuente": "SEPOMEX"
    },
    {
      "tipo": "COLONIA",
      "nombre": "PANTEÓN (ASENTAMIENTO IRREGULAR)",
      "codigoPostal": "81200",
      "ciudad": "Los Mochis",
      "zona": "Urbano"
    },
    {
      "tipo": "COLONIA",
      "nombre": "Parque Industrial Ecológico",
      "codigoPostal": "81200",
      "ciudad": "Los Mochis",
      "zona": "Urbano",
      "fuente": "SEPOMEX"
    },
    {
      "tipo": "COLONIA",
      "nombre": "Parque Sinaloa",
      "codigoPostal": "81200",
      "ciudad": "Los Mochis",
      "zona": "Urbano",
      "fuente": "SEPOMEX"
    },
    {
      "tipo": "COLONIA",
      "nombre": "Paseo de las Aves",
      "codigoPostal": "81200",
      "ciudad": "Los Mochis",
      "zona": "Urbano",
      "fuente": "SEPOMEX"
    },
    {
      "tipo": "COLONIA",
      "nombre": "PETATLÁN",
      "codigoPostal": "81200",
      "ciudad": "Los Mochis",
      "zona": "Urbano"
    },
    {
      "tipo": "COLONIA",
      "nombre": "PLANETARIA (ASENTAMIENTO IRREGULAR)",
      "codigoPostal": "81200",
      "ciudad": "Los Mochis",
      "zona": "Urbano"
    },
    {
      "tipo": "PRIVADA",
      "nombre": "POPULAR",
      "codigoPostal": "81200",
      "ciudad": "Los Mochis",
      "zona": "Urbano"
    },
    {
      "tipo": "COLONIA",
      "nombre": "POPULAR (ASENTAMIENTO IRREGULAR)",
      "codigoPostal": "81200",
      "ciudad": "Los Mochis",
      "zona": "Urbano"
    },
    {
      "tipo": "COLONIA",
      "nombre": "Popular Blanca Gastelum",
      "codigoPostal": "81200",
      "ciudad": "Los Mochis",
      "zona": "Urbano",
      "fuente": "SEPOMEX"
    },
    {
      "tipo": "COLONIA",
      "nombre": "Pradera de Villa",
      "codigoPostal": "81200",
      "ciudad": "Los Mochis",
      "zona": "Urbano",
      "fuente": "SEPOMEX"
    },
    {
      "tipo": "COLONIA",
      "nombre": "Prado Bonito",
      "codigoPostal": "81200",
      "ciudad": "Los Mochis",
      "zona": "Urbano",
      "fuente": "SEPOMEX"
    },
    {
      "tipo": "COLONIA",
      "nombre": "Prados del Sur",
      "codigoPostal": "81200",
      "ciudad": "Los Mochis",
      "zona": "Urbano",
      "fuente": "SEPOMEX"
    },
    {
      "tipo": "COLONIA",
      "nombre": "Prados del Valle",
      "codigoPostal": "81200",
      "ciudad": "Los Mochis",
      "zona": "Urbano",
      "fuente": "SEPOMEX"
    },
    {
      "tipo": "COLONIA",
      "nombre": "Prados III",
      "codigoPostal": "81200",
      "ciudad": "Los Mochis",
      "zona": "Urbano",
      "fuente": "SEPOMEX"
    },
    {
      "tipo": "COLONIA",
      "nombre": "Primavera",
      "codigoPostal": "81200",
      "ciudad": "Los Mochis",
      "zona": "Urbano",
      "fuente": "SEPOMEX"
    },
    {
      "tipo": "COLONIA",
      "nombre": "Privada Palladio",
      "codigoPostal": "81200",
      "ciudad": "Los Mochis",
      "zona": "Urbano",
      "fuente": "SEPOMEX"
    },
    {
      "tipo": "COLONIA",
      "nombre": "Privada Toscana",
      "codigoPostal": "81200",
      "ciudad": "Los Mochis",
      "zona": "Urbano",
      "fuente": "SEPOMEX"
    },
    {
      "tipo": "COLONIA",
      "nombre": "Privanzas",
      "codigoPostal": "81200",
      "ciudad": "Los Mochis",
      "zona": "Urbano",
      "fuente": "SEPOMEX"
    },
    {
      "tipo": "COLONIA",
      "nombre": "Progresivo San Rafael",
      "codigoPostal": "81200",
      "ciudad": "Los Mochis",
      "zona": "Urbano",
      "fuente": "SEPOMEX"
    },
    {
      "tipo": "COLONIA",
      "nombre": "Providencia",
      "codigoPostal": "81200",
      "ciudad": "Los Mochis",
      "zona": "Urbano",
      "fuente": "SEPOMEX"
    },
    {
      "tipo": "COLONIA",
      "nombre": "Quinta de Cortes",
      "codigoPostal": "81200",
      "ciudad": "Los Mochis",
      "zona": "Urbano",
      "fuente": "SEPOMEX"
    },
    {
      "tipo": "COLONIA",
      "nombre": "Raul Romanillo",
      "codigoPostal": "81200",
      "ciudad": "Los Mochis",
      "zona": "Urbano",
      "fuente": "SEPOMEX"
    },
    {
      "tipo": "COLONIA",
      "nombre": "Real Aurora",
      "codigoPostal": "81200",
      "ciudad": "Los Mochis",
      "zona": "Urbano",
      "fuente": "SEPOMEX"
    },
    {
      "tipo": "COLONIA",
      "nombre": "Real de Santiago",
      "codigoPostal": "81200",
      "ciudad": "Los Mochis",
      "zona": "Urbano",
      "fuente": "SEPOMEX"
    },
    {
      "tipo": "COLONIA",
      "nombre": "Real de Villa",
      "codigoPostal": "81200",
      "ciudad": "Los Mochis",
      "zona": "Urbano",
      "fuente": "SEPOMEX"
    },
    {
      "tipo": "COLONIA",
      "nombre": "Real del Country",
      "codigoPostal": "81200",
      "ciudad": "Los Mochis",
      "zona": "Urbano",
      "fuente": "SEPOMEX"
    },
    {
      "tipo": "COLONIA",
      "nombre": "Real Isabeles",
      "codigoPostal": "81200",
      "ciudad": "Los Mochis",
      "zona": "Urbano",
      "fuente": "SEPOMEX"
    },
    {
      "tipo": "COLONIA",
      "nombre": "Realito",
      "codigoPostal": "81200",
      "ciudad": "Los Mochis",
      "zona": "Urbano",
      "fuente": "SEPOMEX"
    },
    {
      "tipo": "COLONIA",
      "nombre": "RENATO VEGA AMADOR",
      "codigoPostal": "81200",
      "ciudad": "Los Mochis",
      "zona": "Urbano"
    },
    {
      "tipo": "COLONIA",
      "nombre": "Residencial Ahome 2000",
      "codigoPostal": "81200",
      "ciudad": "Los Mochis",
      "zona": "Urbano",
      "fuente": "SEPOMEX"
    },
    {
      "tipo": "COLONIA",
      "nombre": "Residencial Aurora",
      "codigoPostal": "81200",
      "ciudad": "Los Mochis",
      "zona": "Urbano",
      "fuente": "SEPOMEX"
    },
    {
      "tipo": "COLONIA",
      "nombre": "Residencial Campestre",
      "codigoPostal": "81200",
      "ciudad": "Los Mochis",
      "zona": "Urbano",
      "fuente": "SEPOMEX"
    },
    {
      "tipo": "COLONIA",
      "nombre": "Residencial del Country",
      "codigoPostal": "81200",
      "ciudad": "Los Mochis",
      "zona": "Urbano",
      "fuente": "SEPOMEX"
    },
    {
      "tipo": "COLONIA",
      "nombre": "Residencial Del Valle",
      "codigoPostal": "81200",
      "ciudad": "Los Mochis",
      "zona": "Urbano",
      "fuente": "SEPOMEX"
    },
    {
      "tipo": "COLONIA",
      "nombre": "Residencial Diamante",
      "codigoPostal": "81200",
      "ciudad": "Los Mochis",
      "zona": "Urbano",
      "fuente": "SEPOMEX"
    },
    {
      "tipo": "COLONIA",
      "nombre": "Residencial Mar de Cortés",
      "codigoPostal": "81200",
      "ciudad": "Los Mochis",
      "zona": "Urbano",
      "fuente": "SEPOMEX"
    },
    {
      "tipo": "COLONIA",
      "nombre": "Residencial Palmira",
      "codigoPostal": "81200",
      "ciudad": "Los Mochis",
      "zona": "Urbano",
      "fuente": "SEPOMEX"
    },
    {
      "tipo": "COLONIA",
      "nombre": "Residencial Platino",
      "codigoPostal": "81200",
      "ciudad": "Los Mochis",
      "zona": "Urbano",
      "fuente": "SEPOMEX"
    },
    {
      "tipo": "COLONIA",
      "nombre": "REVOLUCIÓN MEXICANA",
      "codigoPostal": "81200",
      "ciudad": "Los Mochis",
      "zona": "Urbano"
    },
    {
      "tipo": "COLONIA",
      "nombre": "Reyes Guerrero",
      "codigoPostal": "81200",
      "ciudad": "Los Mochis",
      "zona": "Urbano",
      "fuente": "SEPOMEX"
    },
    {
      "tipo": "BARRIO",
      "nombre": "RÍO PETATLÁN (ASENTAMIENTO IRREGULAR)",
      "codigoPostal": "81200",
      "ciudad": "Los Mochis",
      "zona": "Urbano"
    },
    {
      "tipo": "COLONIA",
      "nombre": "Roberto Perez Jacobo",
      "codigoPostal": "81200",
      "ciudad": "Los Mochis",
      "zona": "Urbano",
      "fuente": "SEPOMEX"
    },
    {
      "tipo": "COLONIA",
      "nombre": "Rosendo G Castro",
      "codigoPostal": "81200",
      "ciudad": "Los Mochis",
      "zona": "Urbano",
      "fuente": "SEPOMEX"
    },
    {
      "tipo": "COLONIA",
      "nombre": "Ruben Jaramillo",
      "codigoPostal": "81200",
      "ciudad": "Los Mochis",
      "zona": "Urbano",
      "fuente": "SEPOMEX"
    },
    {
      "tipo": "COLONIA",
      "nombre": "RUIZ CORTINES DOS",
      "codigoPostal": "81200",
      "ciudad": "Los Mochis",
      "zona": "Urbano"
    },
    {
      "tipo": "COLONIA",
      "nombre": "SAN CARLOS",
      "codigoPostal": "81200",
      "ciudad": "Los Mochis",
      "zona": "Urbano"
    },
    {
      "tipo": "COLONIA",
      "nombre": "SAN FERNANDO",
      "codigoPostal": "81200",
      "ciudad": "Los Mochis",
      "zona": "Urbano"
    },
    {
      "tipo": "COLONIA",
      "nombre": "SAN FRANCISCO",
      "codigoPostal": "81200",
      "ciudad": "Los Mochis",
      "zona": "Urbano"
    },
    {
      "tipo": "COLONIA",
      "nombre": "San Isidro",
      "codigoPostal": "81200",
      "ciudad": "Los Mochis",
      "zona": "Urbano",
      "fuente": "SEPOMEX"
    },
    {
      "tipo": "COLONIA",
      "nombre": "SAN JOACHÍN",
      "codigoPostal": "81200",
      "ciudad": "Los Mochis",
      "zona": "Urbano"
    },
    {
      "tipo": "COLONIA",
      "nombre": "SAN JOSÉ",
      "codigoPostal": "81200",
      "ciudad": "Los Mochis",
      "zona": "Urbano"
    },
    {
      "tipo": "COLONIA",
      "nombre": "SAN JUAN",
      "codigoPostal": "81200",
      "ciudad": "Los Mochis",
      "zona": "Urbano"
    },
    {
      "tipo": "COLONIA",
      "nombre": "SAN RAFAEL (ASENTAMIENTO IRREGULAR)",
      "codigoPostal": "81200",
      "ciudad": "Los Mochis",
      "zona": "Urbano"
    },
    {
      "tipo": "COLONIA",
      "nombre": "Sanchez Ruiz",
      "codigoPostal": "81200",
      "ciudad": "Los Mochis",
      "zona": "Urbano",
      "fuente": "SEPOMEX"
    },
    {
      "tipo": "COLONIA",
      "nombre": "Santa Alicia",
      "codigoPostal": "81200",
      "ciudad": "Los Mochis",
      "zona": "Urbano",
      "fuente": "SEPOMEX"
    },
    {
      "tipo": "COLONIA",
      "nombre": "Santa Catalina",
      "codigoPostal": "81200",
      "ciudad": "Los Mochis",
      "zona": "Urbano",
      "fuente": "SEPOMEX"
    },
    {
      "tipo": "COLONIA",
      "nombre": "SANTA CLARA",
      "codigoPostal": "81200",
      "ciudad": "Los Mochis",
      "zona": "Urbano"
    },
    {
      "tipo": "FRACCIONAMIENTO",
      "nombre": "SANTA FE",
      "codigoPostal": "81200",
      "ciudad": "Los Mochis",
      "zona": "Urbano"
    },
    {
      "tipo": "COLONIA",
      "nombre": "Santa Lourdes",
      "codigoPostal": "81200",
      "ciudad": "Los Mochis",
      "zona": "Urbano",
      "fuente": "SEPOMEX"
    },
    {
      "tipo": "COLONIA",
      "nombre": "Santa Luz",
      "codigoPostal": "81200",
      "ciudad": "Los Mochis",
      "zona": "Urbano",
      "fuente": "SEPOMEX"
    },
    {
      "tipo": "FRACCIONAMIENTO",
      "nombre": "SANTA MARÍA",
      "codigoPostal": "81200",
      "ciudad": "Los Mochis",
      "zona": "Urbano"
    },
    {
      "tipo": "COLONIA",
      "nombre": "SANTA MERCEDES",
      "codigoPostal": "81200",
      "ciudad": "Los Mochis",
      "zona": "Urbano"
    },
    {
      "tipo": "COLONIA",
      "nombre": "Santa Rosa",
      "codigoPostal": "81200",
      "ciudad": "Los Mochis",
      "zona": "Urbano",
      "fuente": "SEPOMEX"
    },
    {
      "tipo": "COLONIA",
      "nombre": "Scally",
      "codigoPostal": "81200",
      "ciudad": "Los Mochis",
      "zona": "Urbano",
      "fuente": "SEPOMEX"
    },
    {
      "tipo": "COLONIA",
      "nombre": "Sector Fátima",
      "codigoPostal": "81200",
      "ciudad": "Los Mochis",
      "zona": "Urbano",
      "fuente": "SEPOMEX"
    },
    {
      "tipo": "COLONIA",
      "nombre": "SECTOR LA CRUZ",
      "codigoPostal": "81200",
      "ciudad": "Los Mochis",
      "zona": "Urbano"
    },
    {
      "tipo": "BARRIO",
      "nombre": "SEGURO (ASENTAMIENTO IRREGULAR)",
      "codigoPostal": "81200",
      "ciudad": "Los Mochis",
      "zona": "Urbano"
    },
    {
      "tipo": "COLONIA",
      "nombre": "Siglo XXI",
      "codigoPostal": "81200",
      "ciudad": "Los Mochis",
      "zona": "Urbano",
      "fuente": "SEPOMEX"
    },
    {
      "tipo": "COLONIA",
      "nombre": "SINALOA",
      "codigoPostal": "81200",
      "ciudad": "Los Mochis",
      "zona": "Urbano"
    },
    {
      "tipo": "COLONIA",
      "nombre": "STASE",
      "codigoPostal": "81200",
      "ciudad": "Los Mochis",
      "zona": "Urbano"
    },
    {
      "tipo": "COLONIA",
      "nombre": "STASE Los Álamos",
      "codigoPostal": "81200",
      "ciudad": "Los Mochis",
      "zona": "Urbano",
      "fuente": "SEPOMEX"
    },
    {
      "tipo": "COLONIA",
      "nombre": "Tabachines",
      "codigoPostal": "81200",
      "ciudad": "Los Mochis",
      "zona": "Urbano",
      "fuente": "SEPOMEX"
    },
    {
      "tipo": "COLONIA",
      "nombre": "TAJÍN",
      "codigoPostal": "81200",
      "ciudad": "Los Mochis",
      "zona": "Urbano"
    },
    {
      "tipo": "COLONIA",
      "nombre": "TAVO ROBLES",
      "codigoPostal": "81200",
      "ciudad": "Los Mochis",
      "zona": "Urbano"
    },
    {
      "tipo": "COLONIA",
      "nombre": "TECOMATE",
      "codigoPostal": "81200",
      "ciudad": "Los Mochis",
      "zona": "Urbano"
    },
    {
      "tipo": "COLONIA",
      "nombre": "Tepeka",
      "codigoPostal": "81200",
      "ciudad": "Los Mochis",
      "zona": "Urbano",
      "fuente": "SEPOMEX"
    },
    {
      "tipo": "COLONIA",
      "nombre": "Teresita",
      "codigoPostal": "81200",
      "ciudad": "Los Mochis",
      "zona": "Urbano",
      "fuente": "SEPOMEX"
    },
    {
      "tipo": "FRACCIONAMIENTO",
      "nombre": "TERRANOVA",
      "codigoPostal": "81200",
      "ciudad": "Los Mochis",
      "zona": "Urbano"
    },
    {
      "tipo": "COLONIA",
      "nombre": "TIERRA Y LIBERTAD",
      "codigoPostal": "81200",
      "ciudad": "Los Mochis",
      "zona": "Urbano"
    },
    {
      "tipo": "COLONIA",
      "nombre": "TIERRA Y LIBERTAD (ASENTAMIENTO IRREGULAR)",
      "codigoPostal": "81200",
      "ciudad": "Los Mochis",
      "zona": "Urbano"
    },
    {
      "tipo": "COLONIA",
      "nombre": "TOLEDO CORRO",
      "codigoPostal": "81200",
      "ciudad": "Los Mochis",
      "zona": "Urbano"
    },
    {
      "tipo": "COLONIA",
      "nombre": "UNE",
      "codigoPostal": "81200",
      "ciudad": "Los Mochis",
      "zona": "Urbano"
    },
    {
      "tipo": "COLONIA",
      "nombre": "UNIÓN DE COLONOS",
      "codigoPostal": "81200",
      "ciudad": "Los Mochis",
      "zona": "Urbano"
    },
    {
      "tipo": "COLONIA",
      "nombre": "Universidad de los Mochis",
      "codigoPostal": "81200",
      "ciudad": "Los Mochis",
      "zona": "Urbano",
      "fuente": "SEPOMEX"
    },
    {
      "tipo": "COLONIA",
      "nombre": "UNIVERSITARIA",
      "codigoPostal": "81200",
      "ciudad": "Los Mochis",
      "zona": "Urbano"
    },
    {
      "tipo": "COLONIA",
      "nombre": "Universitario",
      "codigoPostal": "81200",
      "ciudad": "Los Mochis",
      "zona": "Urbano",
      "fuente": "SEPOMEX"
    },
    {
      "tipo": "COLONIA",
      "nombre": "Valentín Gutiérrez",
      "codigoPostal": "81200",
      "ciudad": "Los Mochis",
      "zona": "Urbano",
      "fuente": "SEPOMEX"
    },
    {
      "tipo": "COLONIA",
      "nombre": "VALLE BONITO",
      "codigoPostal": "81200",
      "ciudad": "Los Mochis",
      "zona": "Urbano"
    },
    {
      "tipo": "COLONIA",
      "nombre": "VALLE CAMPESTRE",
      "codigoPostal": "81200",
      "ciudad": "Los Mochis",
      "zona": "Urbano"
    },
    {
      "tipo": "COLONIA",
      "nombre": "Valle Cañaveral",
      "codigoPostal": "81200",
      "ciudad": "Los Mochis",
      "zona": "Urbano",
      "fuente": "SEPOMEX"
    },
    {
      "tipo": "COLONIA",
      "nombre": "Valle de la Rosa",
      "codigoPostal": "81200",
      "ciudad": "Los Mochis",
      "zona": "Urbano",
      "fuente": "SEPOMEX"
    },
    {
      "tipo": "FRACCIONAMIENTO",
      "nombre": "VALLE DEL SOL",
      "codigoPostal": "81200",
      "ciudad": "Los Mochis",
      "zona": "Urbano"
    },
    {
      "tipo": "COLONIA",
      "nombre": "VALLE PONIENTE",
      "codigoPostal": "81200",
      "ciudad": "Los Mochis",
      "zona": "Urbano"
    },
    {
      "tipo": "COLONIA",
      "nombre": "Valle Verde",
      "codigoPostal": "81200",
      "ciudad": "Los Mochis",
      "zona": "Urbano",
      "fuente": "SEPOMEX"
    },
    {
      "tipo": "COLONIA",
      "nombre": "Versalles Residencial",
      "codigoPostal": "81200",
      "ciudad": "Los Mochis",
      "zona": "Urbano",
      "fuente": "SEPOMEX"
    },
    {
      "tipo": "COLONIA",
      "nombre": "Villa Antigua Residencial",
      "codigoPostal": "81200",
      "ciudad": "Los Mochis",
      "zona": "Urbano",
      "fuente": "SEPOMEX"
    },
    {
      "tipo": "COLONIA",
      "nombre": "Villa Bonita",
      "codigoPostal": "81200",
      "ciudad": "Los Mochis",
      "zona": "Urbano",
      "fuente": "SEPOMEX"
    },
    {
      "tipo": "COLONIA",
      "nombre": "Villa Centenario",
      "codigoPostal": "81200",
      "ciudad": "Los Mochis",
      "zona": "Urbano",
      "fuente": "SEPOMEX"
    },
    {
      "tipo": "COLONIA",
      "nombre": "Villa de Cortes",
      "codigoPostal": "81200",
      "ciudad": "Los Mochis",
      "zona": "Urbano",
      "fuente": "SEPOMEX"
    },
    {
      "tipo": "COLONIA",
      "nombre": "Villa de Santiago",
      "codigoPostal": "81200",
      "ciudad": "Los Mochis",
      "zona": "Urbano",
      "fuente": "SEPOMEX"
    },
    {
      "tipo": "COLONIA",
      "nombre": "Villa Huites",
      "codigoPostal": "81200",
      "ciudad": "Los Mochis",
      "zona": "Urbano",
      "fuente": "SEPOMEX"
    },
    {
      "tipo": "COLONIA",
      "nombre": "Villa Owen",
      "codigoPostal": "81200",
      "ciudad": "Los Mochis",
      "zona": "Urbano",
      "fuente": "SEPOMEX"
    },
    {
      "tipo": "FRACCIONAMIENTO",
      "nombre": "VILLA UNIVERSIDAD",
      "codigoPostal": "81200",
      "ciudad": "Los Mochis",
      "zona": "Urbano"
    },
    {
      "tipo": "COLONIA",
      "nombre": "Villas del Sol",
      "codigoPostal": "81200",
      "ciudad": "Los Mochis",
      "zona": "Urbano",
      "fuente": "SEPOMEX"
    },
    {
      "tipo": "COLONIA",
      "nombre": "Villas Monterrey",
      "codigoPostal": "81200",
      "ciudad": "Los Mochis",
      "zona": "Urbano",
      "fuente": "SEPOMEX"
    },
    {
      "tipo": "COLONIA",
      "nombre": "Viñedos Residencial",
      "codigoPostal": "81200",
      "ciudad": "Los Mochis",
      "zona": "Urbano",
      "fuente": "SEPOMEX"
    },
    {
      "tipo": "COLONIA",
      "nombre": "Vivienda Popular",
      "codigoPostal": "81200",
      "ciudad": "Los Mochis",
      "zona": "Urbano",
      "fuente": "SEPOMEX"
    },
    {
      "tipo": "COLONIA",
      "nombre": "Zaky Muez",
      "codigoPostal": "81200",
      "ciudad": "Los Mochis",
      "zona": "Urbano",
      "fuente": "SEPOMEX"
    },
    {
      "tipo": "ZONA INDUSTRIAL",
      "nombre": "ZONA INDUSTRIAL",
      "codigoPostal": "81200",
      "ciudad": "Los Mochis",
      "zona": "Urbano"
    }
  ]
}